time,value
2025-02-01 14:42:38.254922+00:00,4095
2025-02-01 14:42:38.296644+00:00,4095
2025-02-01 14:42:38.303817+00:00,4095
2025-02-01 14:42:38.310213+00:00,4095
2025-02-01 14:42:38.314462+00:00,4095
2025-02-01 14:42:38.322081+00:00,4095
2025-02-01 14:42:38.327727+00:00,4095
2025-02-01 14:42:38.332834+00:00,4095
2025-02-01 14:42:38.338850+00:00,4095
2025-02-01 14:42:38.345532+00:00,4095
2025-02-01 14:42:38.360487+00:00,4095
2025-02-01 14:42:38.375524+00:00,4095
2025-02-01 14:42:38.390467+00:00,4095
2025-02-01 14:42:38.405513+00:00,4095
2025-02-01 14:42:38.419684+00:00,4095
2025-02-01 14:42:38.434924+00:00,4095
2025-02-01 14:42:38.450319+00:00,4095
2025-02-01 14:42:38.466418+00:00,4095
2025-02-01 14:42:38.480930+00:00,4095
2025-02-01 14:42:38.496401+00:00,4095
2025-02-01 14:42:38.511493+00:00,4095
2025-02-01 14:42:38.526088+00:00,4095
2025-02-01 14:42:38.540396+00:00,4095
2025-02-01 14:42:38.555170+00:00,4095
2025-02-01 14:42:38.568509+00:00,4095
2025-02-01 14:42:38.583945+00:00,4095
2025-02-01 14:42:38.599186+00:00,4095
2025-02-01 14:42:38.614829+00:00,4095
2025-02-01 14:42:38.629675+00:00,4095
2025-02-01 14:42:38.644626+00:00,4095
2025-02-01 14:42:38.659325+00:00,4095
2025-02-01 14:42:38.677917+00:00,4095
2025-02-01 14:42:38.693016+00:00,4095
2025-02-01 14:42:38.706594+00:00,4095
2025-02-01 14:42:38.722749+00:00,4095
2025-02-01 14:42:38.736033+00:00,4095
2025-02-01 14:42:38.749009+00:00,4095
2025-02-01 14:42:38.764480+00:00,4095
2025-02-01 14:42:38.779952+00:00,4095
2025-02-01 14:42:38.793048+00:00,4095
2025-02-01 14:42:38.807943+00:00,4095
2025-02-01 14:42:38.823214+00:00,4095
2025-02-01 14:42:38.838062+00:00,4095
2025-02-01 14:42:38.867910+00:00,4095
2025-02-01 14:42:38.883082+00:00,4095
2025-02-01 14:42:38.898241+00:00,4095
2025-02-01 14:42:38.913614+00:00,4095
2025-02-01 14:42:38.929432+00:00,4095
2025-02-01 14:42:38.944584+00:00,4095
2025-02-01 14:42:38.960192+00:00,4095
2025-02-01 14:42:38.973133+00:00,4095
2025-02-01 14:42:38.988669+00:00,4095
2025-02-01 14:42:39.003528+00:00,4095
2025-02-01 14:42:39.017086+00:00,4095
2025-02-01 14:42:39.032774+00:00,4095
2025-02-01 14:42:39.047672+00:00,4095
2025-02-01 14:42:39.062911+00:00,4095
2025-02-01 14:42:39.078144+00:00,4095
2025-02-01 14:42:39.092963+00:00,4095
2025-02-01 14:42:39.108492+00:00,4095
2025-02-01 14:42:39.123838+00:00,4095
2025-02-01 14:42:39.139001+00:00,4095
2025-02-01 14:42:39.154728+00:00,4095
2025-02-01 14:42:39.169250+00:00,4095
2025-02-01 14:42:39.184938+00:00,4095
2025-02-01 14:42:39.200622+00:00,4095
2025-02-01 14:42:39.214953+00:00,4095
2025-02-01 14:42:39.231363+00:00,4095
2025-02-01 14:42:39.245804+00:00,4095
2025-02-01 14:42:39.259137+00:00,4095
2025-02-01 14:42:39.274482+00:00,4095
2025-02-01 14:42:39.288672+00:00,4095
2025-02-01 14:42:39.302592+00:00,4095
2025-02-01 14:42:39.317611+00:00,4095
2025-02-01 14:42:39.332579+00:00,4095
2025-02-01 14:42:39.346718+00:00,4095
2025-02-01 14:42:39.361883+00:00,4095
2025-02-01 14:42:39.376609+00:00,4095
2025-02-01 14:42:39.391083+00:00,4095
2025-02-01 14:42:39.406571+00:00,4095
2025-02-01 14:42:39.422383+00:00,4095
2025-02-01 14:42:39.438396+00:00,4095
2025-02-01 14:42:39.454161+00:00,4095
2025-02-01 14:42:39.469413+00:00,4095
2025-02-01 14:42:39.484757+00:00,4095
2025-02-01 14:42:39.499349+00:00,4095
2025-02-01 14:42:39.514325+00:00,4095
2025-02-01 14:42:39.529893+00:00,4095
2025-02-01 14:42:39.544856+00:00,4095
2025-02-01 14:42:39.559539+00:00,4095
2025-02-01 14:42:39.574257+00:00,4095
2025-02-01 14:42:39.589774+00:00,4095
2025-02-01 14:42:39.605176+00:00,4095
2025-02-01 14:42:39.621199+00:00,4095
2025-02-01 14:42:39.637113+00:00,4095
2025-02-01 14:42:39.652376+00:00,4095
2025-02-01 14:42:39.668088+00:00,4095
2025-02-01 14:42:39.683103+00:00,4095
2025-02-01 14:42:39.697118+00:00,4095
2025-02-01 14:42:39.710199+00:00,4095
2025-02-01 14:42:39.725002+00:00,4095
2025-02-01 14:42:39.740802+00:00,4095
2025-02-01 14:42:39.754448+00:00,4095
2025-02-01 14:42:39.769722+00:00,4095
2025-02-01 14:42:39.783286+00:00,4095
2025-02-01 14:42:39.798637+00:00,4095
2025-02-01 14:42:39.814115+00:00,4095
2025-02-01 14:42:39.826406+00:00,4095
2025-02-01 14:42:39.840705+00:00,4095
2025-02-01 14:42:39.856447+00:00,4095
2025-02-01 14:42:39.872251+00:00,4095
2025-02-01 14:42:39.887225+00:00,4095
2025-02-01 14:42:39.902120+00:00,4095
2025-02-01 14:42:39.918342+00:00,4095
2025-02-01 14:42:39.932058+00:00,4095
2025-02-01 14:42:39.947497+00:00,4095
2025-02-01 14:42:39.963007+00:00,4095
2025-02-01 14:42:39.976737+00:00,4095
2025-02-01 14:42:39.992155+00:00,4095
2025-02-01 14:42:40.008047+00:00,4095
2025-02-01 14:42:40.023463+00:00,4095
2025-02-01 14:42:40.039352+00:00,4095
2025-02-01 14:42:40.053314+00:00,4095
2025-02-01 14:42:40.066967+00:00,4095
2025-02-01 14:42:40.082552+00:00,4095
2025-02-01 14:42:40.097517+00:00,4095
2025-02-01 14:42:40.112871+00:00,4095
2025-02-01 14:42:40.125387+00:00,4095
2025-02-01 14:42:40.138529+00:00,4095
2025-02-01 14:42:40.152561+00:00,4095
2025-02-01 14:42:40.166352+00:00,4095
2025-02-01 14:42:40.181490+00:00,4095
2025-02-01 14:42:40.197935+00:00,4095
2025-02-01 14:42:40.208938+00:00,4095
2025-02-01 14:42:40.224174+00:00,4095
2025-02-01 14:42:40.239834+00:00,4095
2025-02-01 14:42:40.276057+00:00,4095
2025-02-01 14:42:40.289541+00:00,4095
2025-02-01 14:42:40.303511+00:00,4095
2025-02-01 14:42:40.319269+00:00,4095
2025-02-01 14:42:40.334807+00:00,4095
2025-02-01 14:42:40.347399+00:00,4095
2025-02-01 14:42:40.363012+00:00,4095
2025-02-01 14:42:40.377482+00:00,4095
2025-02-01 14:42:40.392184+00:00,4095
2025-02-01 14:42:40.406422+00:00,4095
2025-02-01 14:42:40.422604+00:00,4095
2025-02-01 14:42:40.438864+00:00,4095
2025-02-01 14:42:40.455370+00:00,4095
2025-02-01 14:42:40.471221+00:00,4095
2025-02-01 14:42:40.487304+00:00,4095
2025-02-01 14:42:40.503436+00:00,4095
2025-02-01 14:42:40.517857+00:00,4095
2025-02-01 14:42:40.531790+00:00,4095
2025-02-01 14:42:40.547180+00:00,4095
2025-02-01 14:42:40.563018+00:00,4095
2025-02-01 14:42:40.578666+00:00,4095
2025-02-01 14:42:40.593123+00:00,4095
2025-02-01 14:42:40.607229+00:00,4095
2025-02-01 14:42:40.623003+00:00,4095
2025-02-01 14:42:40.639866+00:00,4095
2025-02-01 14:42:40.656523+00:00,4095
2025-02-01 14:42:40.672627+00:00,4095
2025-02-01 14:42:40.687212+00:00,4095
2025-02-01 14:42:40.702954+00:00,4095
2025-02-01 14:42:40.718524+00:00,4095
2025-02-01 14:42:40.734213+00:00,4095
2025-02-01 14:42:40.750186+00:00,4095
2025-02-01 14:42:40.765735+00:00,4095
2025-02-01 14:42:40.780776+00:00,4095
2025-02-01 14:42:40.796511+00:00,4095
2025-02-01 14:42:40.811409+00:00,4095
2025-02-01 14:42:40.825184+00:00,4095
2025-02-01 14:42:40.841293+00:00,4095
2025-02-01 14:42:40.856125+00:00,4095
2025-02-01 14:42:40.872509+00:00,4095
2025-02-01 14:42:40.888818+00:00,4095
2025-02-01 14:42:40.905187+00:00,4095
2025-02-01 14:42:40.918808+00:00,4095
2025-02-01 14:42:40.933727+00:00,4095
2025-02-01 14:42:40.948149+00:00,4095
2025-02-01 14:42:40.963059+00:00,4095
2025-02-01 14:42:40.978411+00:00,4095
2025-02-01 14:42:40.991894+00:00,4095
2025-02-01 14:42:41.008228+00:00,4095
2025-02-01 14:42:41.024105+00:00,4095
2025-02-01 14:42:41.038084+00:00,4095
2025-02-01 14:42:41.053929+00:00,4095
2025-02-01 14:42:41.068490+00:00,4095
2025-02-01 14:42:41.082794+00:00,4095
2025-02-01 14:42:41.097590+00:00,4095
2025-02-01 14:42:41.112697+00:00,4095
2025-02-01 14:42:41.127629+00:00,4095
2025-02-01 14:42:41.141766+00:00,4095
2025-02-01 14:42:41.157626+00:00,4095
2025-02-01 14:42:41.173534+00:00,4095
2025-02-01 14:42:41.186816+00:00,4095
2025-02-01 14:42:41.202430+00:00,4095
2025-02-01 14:42:41.216598+00:00,4095
2025-02-01 14:42:41.231039+00:00,4095
2025-02-01 14:42:41.245487+00:00,4095
2025-02-01 14:42:41.258514+00:00,4095
2025-02-01 14:42:41.272355+00:00,4095
2025-02-01 14:42:41.287536+00:00,4095
2025-02-01 14:42:41.300539+00:00,4095
2025-02-01 14:42:41.315957+00:00,4095
2025-02-01 14:42:41.331772+00:00,4095
2025-02-01 14:42:41.346179+00:00,4095
2025-02-01 14:42:41.361464+00:00,4095
2025-02-01 14:42:41.374926+00:00,4095
2025-02-01 14:42:41.390851+00:00,4095
2025-02-01 14:42:41.406786+00:00,4095
2025-02-01 14:42:41.422303+00:00,4095
2025-02-01 14:42:41.438041+00:00,4095
2025-02-01 14:42:41.453801+00:00,4095
2025-02-01 14:42:41.467767+00:00,4095
2025-02-01 14:42:41.483031+00:00,4095
2025-02-01 14:42:41.497840+00:00,4095
2025-02-01 14:42:41.513271+00:00,4095
2025-02-01 14:42:41.528312+00:00,4095
2025-02-01 14:42:41.542061+00:00,4095
2025-02-01 14:42:41.559501+00:00,4095
2025-02-01 14:42:41.586071+00:00,4095
2025-02-01 14:42:41.601002+00:00,4095
2025-02-01 14:42:41.615147+00:00,4095
2025-02-01 14:42:41.630451+00:00,4095
2025-02-01 14:42:41.645823+00:00,4095
2025-02-01 14:42:41.659995+00:00,4095
2025-02-01 14:42:41.674516+00:00,4095
2025-02-01 14:42:41.690749+00:00,4095
2025-02-01 14:42:41.705784+00:00,4095
2025-02-01 14:42:41.719930+00:00,4095
2025-02-01 14:42:41.735574+00:00,4095
2025-02-01 14:42:41.749432+00:00,4095
2025-02-01 14:42:41.764962+00:00,4095
2025-02-01 14:42:41.777750+00:00,4095
2025-02-01 14:42:41.791844+00:00,4095
2025-02-01 14:42:41.806078+00:00,4095
2025-02-01 14:42:41.821909+00:00,4095
2025-02-01 14:42:41.836855+00:00,4095
2025-02-01 14:42:41.849762+00:00,4095
2025-02-01 14:42:41.866473+00:00,4095
2025-02-01 14:42:41.882485+00:00,4095
2025-02-01 14:42:41.896536+00:00,4095
2025-02-01 14:42:41.910879+00:00,4095
2025-02-01 14:42:41.925287+00:00,4095
2025-02-01 14:42:41.941516+00:00,4095
2025-02-01 14:42:41.956735+00:00,4095
2025-02-01 14:42:41.970221+00:00,4095
2025-02-01 14:42:41.985975+00:00,4095
2025-02-01 14:42:42.001669+00:00,4095
2025-02-01 14:42:42.016977+00:00,4095
2025-02-01 14:42:42.032456+00:00,4095
2025-02-01 14:42:42.048127+00:00,4095
2025-02-01 14:42:42.063524+00:00,4095
2025-02-01 14:42:42.077372+00:00,4095
2025-02-01 14:42:42.093521+00:00,4095
2025-02-01 14:42:42.109434+00:00,4095
2025-02-01 14:42:42.125082+00:00,4095
2025-02-01 14:42:42.140270+00:00,4095
2025-02-01 14:42:42.156320+00:00,4095
2025-02-01 14:42:42.172165+00:00,4095
2025-02-01 14:42:42.188223+00:00,4095
2025-02-01 14:42:42.203092+00:00,4095
2025-02-01 14:42:42.219622+00:00,4095
2025-02-01 14:42:42.235528+00:00,4095
2025-02-01 14:42:42.251605+00:00,4095
2025-02-01 14:42:42.266980+00:00,4095
2025-02-01 14:42:42.283318+00:00,4095
2025-02-01 14:42:42.298313+00:00,4095
2025-02-01 14:42:42.313677+00:00,4095
2025-02-01 14:42:42.328315+00:00,4095
2025-02-01 14:42:42.342880+00:00,4095
2025-02-01 14:42:42.357546+00:00,4095
2025-02-01 14:42:42.374192+00:00,4095
2025-02-01 14:42:42.389897+00:00,4095
2025-02-01 14:42:42.406087+00:00,4095
2025-02-01 14:42:42.422991+00:00,4095
2025-02-01 14:42:42.439155+00:00,4095
2025-02-01 14:42:42.455664+00:00,4095
2025-02-01 14:42:42.470190+00:00,4095
2025-02-01 14:42:42.486402+00:00,4095
2025-02-01 14:42:42.503275+00:00,4095
2025-02-01 14:42:42.518628+00:00,4095
2025-02-01 14:42:42.536467+00:00,4095
2025-02-01 14:42:42.551454+00:00,4095
2025-02-01 14:42:42.568008+00:00,4095
2025-02-01 14:42:42.582729+00:00,4095
2025-02-01 14:42:42.596754+00:00,4095
2025-02-01 14:42:42.614473+00:00,4095
2025-02-01 14:42:42.629853+00:00,4095
2025-02-01 14:42:42.645433+00:00,4095
2025-02-01 14:42:42.660568+00:00,4095
2025-02-01 14:42:42.674759+00:00,4095
2025-02-01 14:42:42.688077+00:00,4095
2025-02-01 14:42:42.702813+00:00,4095
2025-02-01 14:42:42.718504+00:00,4095
2025-02-01 14:42:42.734597+00:00,4095
2025-02-01 14:42:42.750163+00:00,4095
2025-02-01 14:42:42.765634+00:00,4095
2025-02-01 14:42:42.780752+00:00,4095
2025-02-01 14:42:42.794153+00:00,4095
2025-02-01 14:42:42.809516+00:00,4095
2025-02-01 14:42:42.824820+00:00,4095
2025-02-01 14:42:42.838858+00:00,4095
2025-02-01 14:42:42.855905+00:00,4095
2025-02-01 14:42:42.871813+00:00,4095
2025-02-01 14:42:42.888099+00:00,4095
2025-02-01 14:42:42.904662+00:00,4095
2025-02-01 14:42:42.921645+00:00,4095
2025-02-01 14:42:42.938879+00:00,4095
2025-02-01 14:42:42.954470+00:00,4095
2025-02-01 14:42:42.969538+00:00,4095
2025-02-01 14:42:42.986341+00:00,4095
2025-02-01 14:42:43.000755+00:00,4095
2025-02-01 14:42:43.015022+00:00,4095
2025-02-01 14:42:43.032137+00:00,4095
2025-02-01 14:42:43.065542+00:00,4095
2025-02-01 14:42:43.079002+00:00,4095
2025-02-01 14:42:43.094267+00:00,4095
2025-02-01 14:42:43.109918+00:00,4095
2025-02-01 14:42:43.124465+00:00,4095
2025-02-01 14:42:43.138755+00:00,4095
2025-02-01 14:42:43.153762+00:00,4095
2025-02-01 14:42:43.166836+00:00,4095
2025-02-01 14:42:43.196025+00:00,4095
2025-02-01 14:42:43.211445+00:00,4095
2025-02-01 14:42:43.226714+00:00,4095
2025-02-01 14:42:43.241337+00:00,4095
2025-02-01 14:42:43.256508+00:00,4095
2025-02-01 14:42:43.269960+00:00,4095
2025-02-01 14:42:43.285110+00:00,4095
2025-02-01 14:42:43.300348+00:00,4095
2025-02-01 14:42:43.315512+00:00,4095
2025-02-01 14:42:43.328503+00:00,4095
2025-02-01 14:42:43.341622+00:00,4095
2025-02-01 14:42:43.355703+00:00,4095
2025-02-01 14:42:43.371786+00:00,4095
2025-02-01 14:42:43.387410+00:00,4095
2025-02-01 14:42:43.402081+00:00,4095
2025-02-01 14:42:43.415759+00:00,4095
2025-02-01 14:42:43.430868+00:00,4095
2025-02-01 14:42:43.446103+00:00,4095
2025-02-01 14:42:43.461151+00:00,4095
2025-02-01 14:42:43.474923+00:00,4095
2025-02-01 14:42:43.488386+00:00,4095
2025-02-01 14:42:43.503648+00:00,4095
2025-02-01 14:42:43.519119+00:00,4095
2025-02-01 14:42:43.533106+00:00,4095
2025-02-01 14:42:43.546799+00:00,4095
2025-02-01 14:42:43.562363+00:00,4095
2025-02-01 14:42:43.576569+00:00,4095
2025-02-01 14:42:43.590271+00:00,4095
2025-02-01 14:42:43.605734+00:00,4095
2025-02-01 14:42:43.620975+00:00,4095
2025-02-01 14:42:43.635042+00:00,4095
2025-02-01 14:42:43.649933+00:00,4095
2025-02-01 14:42:43.664833+00:00,4095
2025-02-01 14:42:43.680214+00:00,4095
2025-02-01 14:42:43.692647+00:00,4095
2025-02-01 14:42:43.707567+00:00,4095
2025-02-01 14:42:43.720928+00:00,2000
2025-02-01 14:42:43.736672+00:00,2000
2025-02-01 14:42:43.752800+00:00,2000
2025-02-01 14:42:43.768111+00:00,2000
2025-02-01 14:42:43.784158+00:00,2000
2025-02-01 14:42:43.822482+00:00,2000
2025-02-01 14:42:43.827949+00:00,2000
2025-02-01 14:42:43.832412+00:00,2000
2025-02-01 14:42:43.846005+00:00,2000
2025-02-01 14:42:43.861639+00:00,2000
2025-02-01 14:42:43.878232+00:00,2000
2025-02-01 14:42:43.891543+00:00,2000
2025-02-01 14:42:43.907099+00:00,2000
2025-02-01 14:42:43.923169+00:00,2000
2025-02-01 14:42:43.940064+00:00,2000
2025-02-01 14:42:43.956601+00:00,2000
2025-02-01 14:42:43.971249+00:00,2000
2025-02-01 14:42:43.987812+00:00,2000
2025-02-01 14:42:44.001882+00:00,2000
2025-02-01 14:42:44.015793+00:00,2000
2025-02-01 14:42:44.029708+00:00,2000
2025-02-01 14:42:44.044024+00:00,2000
2025-02-01 14:42:44.058259+00:00,2000
2025-02-01 14:42:44.072480+00:00,2000
2025-02-01 14:42:44.087659+00:00,2000
2025-02-01 14:42:44.103977+00:00,2000
2025-02-01 14:42:44.118100+00:00,2000
2025-02-01 14:42:44.133623+00:00,2000
2025-02-01 14:42:44.147634+00:00,2000
2025-02-01 14:42:44.162970+00:00,2000
2025-02-01 14:42:44.178557+00:00,2000
2025-02-01 14:42:44.192224+00:00,2000
2025-02-01 14:42:44.206236+00:00,2000
2025-02-01 14:42:44.220351+00:00,2000
2025-02-01 14:42:44.235838+00:00,2000
2025-02-01 14:42:44.251219+00:00,2000
2025-02-01 14:42:44.264096+00:00,2000
2025-02-01 14:42:44.279158+00:00,2000
2025-02-01 14:42:44.294356+00:00,2000
2025-02-01 14:42:44.307652+00:00,2000
2025-02-01 14:42:44.322896+00:00,2000
2025-02-01 14:42:44.338201+00:00,2000
2025-02-01 14:42:44.353884+00:00,2000
2025-02-01 14:42:44.369601+00:00,2000
2025-02-01 14:42:44.383251+00:00,2000
2025-02-01 14:42:44.398205+00:00,2000
2025-02-01 14:42:44.413624+00:00,2000
2025-02-01 14:42:44.427465+00:00,2000
2025-02-01 14:42:44.442979+00:00,2000
2025-02-01 14:42:44.458712+00:00,2000
2025-02-01 14:42:44.474787+00:00,2000
2025-02-01 14:42:44.489018+00:00,2000
2025-02-01 14:42:44.505301+00:00,2000
2025-02-01 14:42:44.521048+00:00,2000
2025-02-01 14:42:44.537267+00:00,2000
2025-02-01 14:42:44.552798+00:00,2000
2025-02-01 14:42:44.567435+00:00,2000
2025-02-01 14:42:44.603143+00:00,2000
2025-02-01 14:42:44.618728+00:00,2000
2025-02-01 14:42:44.633954+00:00,2000
2025-02-01 14:42:44.648865+00:00,2000
2025-02-01 14:42:44.664314+00:00,2000
2025-02-01 14:42:44.679112+00:00,2000
2025-02-01 14:42:44.694436+00:00,2000
2025-02-01 14:42:44.710281+00:00,2000
2025-02-01 14:42:44.725224+00:00,2000
2025-02-01 14:42:44.738793+00:00,2000
2025-02-01 14:42:44.754090+00:00,2000
2025-02-01 14:42:44.769982+00:00,2000
2025-02-01 14:42:44.785363+00:00,2000
2025-02-01 14:42:44.799002+00:00,2000
2025-02-01 14:42:44.814033+00:00,2000
2025-02-01 14:42:44.829407+00:00,2000
2025-02-01 14:42:44.845462+00:00,2000
2025-02-01 14:42:44.861150+00:00,2000
2025-02-01 14:42:44.875585+00:00,2000
2025-02-01 14:42:44.890333+00:00,2000
2025-02-01 14:42:44.905862+00:00,2000
2025-02-01 14:42:44.922493+00:00,2000
2025-02-01 14:42:44.938651+00:00,2000
2025-02-01 14:42:44.954982+00:00,2000
2025-02-01 14:42:44.968708+00:00,2000
2025-02-01 14:42:44.985698+00:00,2000
2025-02-01 14:42:45.001434+00:00,2000
2025-02-01 14:42:45.016992+00:00,2000
2025-02-01 14:42:45.033195+00:00,2000
2025-02-01 14:42:45.049066+00:00,2000
2025-02-01 14:42:45.065168+00:00,2000
2025-02-01 14:42:45.081374+00:00,2000
2025-02-01 14:42:45.095969+00:00,2000
2025-02-01 14:42:45.110516+00:00,2000
2025-02-01 14:42:45.125483+00:00,2000
2025-02-01 14:42:45.139698+00:00,2000
2025-02-01 14:42:45.153913+00:00,2000
2025-02-01 14:42:45.170479+00:00,2000
2025-02-01 14:42:45.186787+00:00,2000
2025-02-01 14:42:45.200838+00:00,2000
2025-02-01 14:42:45.216010+00:00,2000
2025-02-01 14:42:45.230498+00:00,2000
2025-02-01 14:42:45.246477+00:00,2000
2025-02-01 14:42:45.262363+00:00,2000
2025-02-01 14:42:45.276161+00:00,2000
2025-02-01 14:42:45.290711+00:00,2000
2025-02-01 14:42:45.305218+00:00,2000
2025-02-01 14:42:45.321497+00:00,2000
2025-02-01 14:42:45.336469+00:00,2000
2025-02-01 14:42:45.352388+00:00,2000
2025-02-01 14:42:45.368277+00:00,2000
2025-02-01 14:42:45.382076+00:00,2000
2025-02-01 14:42:45.397621+00:00,2000
2025-02-01 14:42:45.414075+00:00,2000
2025-02-01 14:42:45.430297+00:00,2000
2025-02-01 14:42:45.446174+00:00,2000
2025-02-01 14:42:45.462520+00:00,2000
2025-02-01 14:42:45.477557+00:00,2000
2025-02-01 14:42:45.493351+00:00,2000
2025-02-01 14:42:45.507448+00:00,2000
2025-02-01 14:42:45.524385+00:00,2000
2025-02-01 14:42:45.540535+00:00,2000
2025-02-01 14:42:45.582692+00:00,2000
2025-02-01 14:42:45.598758+00:00,4095
2025-02-01 14:42:45.619163+00:00,4095
2025-02-01 14:42:45.633490+00:00,4095
2025-02-01 14:42:45.653230+00:00,4095
2025-02-01 14:42:45.670121+00:00,4095
2025-02-01 14:42:45.680734+00:00,4095
2025-02-01 14:42:45.697456+00:00,4095
2025-02-01 14:42:45.715888+00:00,4095
2025-02-01 14:42:45.729406+00:00,4095
2025-02-01 14:42:45.744308+00:00,4095
2025-02-01 14:42:45.757111+00:00,4095
2025-02-01 14:42:45.772304+00:00,4095
2025-02-01 14:42:45.788329+00:00,4095
2025-02-01 14:42:45.805343+00:00,4095
2025-02-01 14:42:45.819739+00:00,4095
2025-02-01 14:42:45.836260+00:00,4095
2025-02-01 14:42:45.852707+00:00,4095
2025-02-01 14:42:45.868715+00:00,4095
2025-02-01 14:42:45.886652+00:00,4095
2025-02-01 14:42:45.900224+00:00,4095
2025-02-01 14:42:45.915737+00:00,4095
2025-02-01 14:42:45.930829+00:00,4095
2025-02-01 14:42:45.946956+00:00,4095
2025-02-01 14:42:45.960508+00:00,4095
2025-02-01 14:42:45.975314+00:00,4095
2025-02-01 14:42:45.990818+00:00,4095
2025-02-01 14:42:46.006467+00:00,4095
2025-02-01 14:42:46.022302+00:00,4095
2025-02-01 14:42:46.037571+00:00,4095
2025-02-01 14:42:46.053275+00:00,4095
2025-02-01 14:42:46.068696+00:00,4095
2025-02-01 14:42:46.083542+00:00,4095
2025-02-01 14:42:46.098399+00:00,4095
2025-02-01 14:42:46.113188+00:00,4095
2025-02-01 14:42:46.128510+00:00,4095
2025-02-01 14:42:46.143600+00:00,4095
2025-02-01 14:42:46.158911+00:00,4095
2025-02-01 14:42:46.175987+00:00,4095
2025-02-01 14:42:46.192027+00:00,4095
2025-02-01 14:42:46.206996+00:00,4095
2025-02-01 14:42:46.222028+00:00,4095
2025-02-01 14:42:46.238609+00:00,4095
2025-02-01 14:42:46.252436+00:00,4095
2025-02-01 14:42:46.266268+00:00,4095
2025-02-01 14:42:46.283206+00:00,4095
2025-02-01 14:42:46.299530+00:00,4095
2025-02-01 14:42:46.318423+00:00,4095
2025-02-01 14:42:46.336626+00:00,4095
2025-02-01 14:42:46.355147+00:00,4095
2025-02-01 14:42:46.371164+00:00,4095
2025-02-01 14:42:46.387633+00:00,4095
2025-02-01 14:42:46.404321+00:00,4095
2025-02-01 14:42:46.420808+00:00,4095
2025-02-01 14:42:46.436928+00:00,4095
2025-02-01 14:42:46.452516+00:00,4095
2025-02-01 14:42:46.468303+00:00,4095
2025-02-01 14:42:46.486272+00:00,4095
2025-02-01 14:42:46.502216+00:00,4095
2025-02-01 14:42:46.520071+00:00,4095
2025-02-01 14:42:46.534572+00:00,4095
2025-02-01 14:42:46.551386+00:00,4095
2025-02-01 14:42:46.567736+00:00,4095
2025-02-01 14:42:46.584605+00:00,4095
2025-02-01 14:42:46.600520+00:00,4095
2025-02-01 14:42:46.616934+00:00,4095
2025-02-01 14:42:46.635336+00:00,4095
2025-02-01 14:42:46.651606+00:00,4095
2025-02-01 14:42:46.685795+00:00,4095
2025-02-01 14:42:46.702625+00:00,4095
2025-02-01 14:42:46.718292+00:00,4095
2025-02-01 14:42:46.734236+00:00,4095
2025-02-01 14:42:46.749289+00:00,4095
2025-02-01 14:42:46.763204+00:00,4095
2025-02-01 14:42:46.778726+00:00,4095
2025-02-01 14:42:46.795289+00:00,4095
2025-02-01 14:42:46.811015+00:00,4095
2025-02-01 14:42:46.825567+00:00,4095
2025-02-01 14:42:46.840746+00:00,4095
2025-02-01 14:42:46.854965+00:00,4095
2025-02-01 14:42:46.871191+00:00,4095
2025-02-01 14:42:46.887400+00:00,4095
2025-02-01 14:42:46.903966+00:00,4095
2025-02-01 14:42:46.921657+00:00,4095
2025-02-01 14:42:46.937015+00:00,4095
2025-02-01 14:42:46.952739+00:00,4095
2025-02-01 14:42:46.966879+00:00,4095
2025-02-01 14:42:46.983375+00:00,4095
2025-02-01 14:42:46.997748+00:00,4095
2025-02-01 14:42:47.014567+00:00,4095
2025-02-01 14:42:47.031424+00:00,4095
2025-02-01 14:42:47.047386+00:00,4095
2025-02-01 14:42:47.064803+00:00,4095
2025-02-01 14:42:47.081327+00:00,4095
2025-02-01 14:42:47.099081+00:00,4095
2025-02-01 14:42:47.116311+00:00,4095
2025-02-01 14:42:47.133541+00:00,4095
2025-02-01 14:42:47.151376+00:00,4095
2025-02-01 14:42:47.168982+00:00,4095
2025-02-01 14:42:47.187106+00:00,4095
2025-02-01 14:42:47.205570+00:00,4095
2025-02-01 14:42:47.224022+00:00,4095
2025-02-01 14:42:47.239140+00:00,4095
2025-02-01 14:42:47.254289+00:00,4095
2025-02-01 14:42:47.270652+00:00,4095
2025-02-01 14:42:47.288115+00:00,4095
2025-02-01 14:42:47.305783+00:00,4095
2025-02-01 14:42:47.323696+00:00,4095
2025-02-01 14:42:47.338722+00:00,4095
2025-02-01 14:42:47.353667+00:00,4095
2025-02-01 14:42:47.369715+00:00,4095
2025-02-01 14:42:47.385891+00:00,4095
2025-02-01 14:42:47.402428+00:00,4095
2025-02-01 14:42:47.418376+00:00,4095
2025-02-01 14:42:47.435812+00:00,4095
2025-02-01 14:42:47.452360+00:00,4095
2025-02-01 14:42:47.469263+00:00,4095
2025-02-01 14:42:47.484791+00:00,4095
2025-02-01 14:42:47.502138+00:00,4095
2025-02-01 14:42:47.519854+00:00,4095
2025-02-01 14:42:47.536944+00:00,4095
2025-02-01 14:42:47.552404+00:00,4095
2025-02-01 14:42:47.570358+00:00,4095
2025-02-01 14:42:47.587056+00:00,4095
2025-02-01 14:42:47.604483+00:00,4095
2025-02-01 14:42:47.621519+00:00,4095
2025-02-01 14:42:47.639347+00:00,4095
2025-02-01 14:42:47.657657+00:00,4095
2025-02-01 14:42:47.673794+00:00,4095
2025-02-01 14:42:47.692564+00:00,4095
2025-02-01 14:42:47.710079+00:00,4095
2025-02-01 14:42:47.726355+00:00,4095
2025-02-01 14:42:47.743285+00:00,4095
2025-02-01 14:42:47.761348+00:00,4095
2025-02-01 14:42:47.778879+00:00,4095
2025-02-01 14:42:47.796189+00:00,4095
2025-02-01 14:42:47.813734+00:00,4095
2025-02-01 14:42:47.831264+00:00,4095
2025-02-01 14:42:47.848326+00:00,4095
2025-02-01 14:42:47.866168+00:00,4095
2025-02-01 14:42:47.883547+00:00,4095
2025-02-01 14:42:47.900862+00:00,4095
2025-02-01 14:42:47.918194+00:00,4095
2025-02-01 14:42:47.936052+00:00,4095
2025-02-01 14:42:47.953102+00:00,4095
2025-02-01 14:42:47.970282+00:00,4095
2025-02-01 14:42:47.987869+00:00,4095
2025-02-01 14:42:48.005766+00:00,4095
2025-02-01 14:42:48.021129+00:00,4095
2025-02-01 14:42:48.039020+00:00,4095
2025-02-01 14:42:48.055793+00:00,4095
2025-02-01 14:42:48.073391+00:00,4095
2025-02-01 14:42:48.089200+00:00,4095
2025-02-01 14:42:48.106098+00:00,4095
2025-02-01 14:42:48.123519+00:00,4095
2025-02-01 14:42:48.141522+00:00,4095
2025-02-01 14:42:48.158988+00:00,4095
2025-02-01 14:42:48.176544+00:00,4095
2025-02-01 14:42:48.194641+00:00,4095
2025-02-01 14:42:48.212513+00:00,4095
2025-02-01 14:42:48.228136+00:00,4095
2025-02-01 14:42:48.245858+00:00,4095
2025-02-01 14:42:48.262293+00:00,4095
2025-02-01 14:42:48.280121+00:00,4095
2025-02-01 14:42:48.301090+00:00,4095
2025-02-01 14:42:48.318612+00:00,4095
2025-02-01 14:42:48.335176+00:00,4095
2025-02-01 14:42:48.352007+00:00,4095
2025-02-01 14:42:48.369115+00:00,4095
2025-02-01 14:42:48.385855+00:00,4095
2025-02-01 14:42:48.401583+00:00,4095
2025-02-01 14:42:48.416443+00:00,4095
2025-02-01 14:42:48.432247+00:00,4095
2025-02-01 14:42:48.447608+00:00,4095
2025-02-01 14:42:48.464694+00:00,4095
2025-02-01 14:42:48.482732+00:00,4095
2025-02-01 14:42:48.501775+00:00,4095
2025-02-01 14:42:48.518571+00:00,4095
2025-02-01 14:42:48.534757+00:00,4095
2025-02-01 14:42:48.552473+00:00,4095
2025-02-01 14:42:48.570210+00:00,4095
2025-02-01 15:25:14.835817+00:00,0
2025-02-01 15:25:19.766434+00:00,4095
2025-02-01 15:25:24.889284+00:00,4095
2025-02-01 15:25:29.881657+00:00,4095
2025-02-01 15:25:35.097890+00:00,711
2025-02-01 15:25:40.113334+00:00,4095
2025-02-01 15:25:45.171703+00:00,0
2025-02-01 15:25:50.051078+00:00,4095
2025-02-01 15:25:55.098218+00:00,4095
2025-02-01 15:26:00.176635+00:00,0
2025-02-01 15:26:05.428350+00:00,0
2025-02-01 15:26:10.330554+00:00,1257
2025-02-01 15:26:15.359763+00:00,1835
2025-02-01 15:26:20.369945+00:00,4095
2025-02-01 15:26:25.496959+00:00,0
2025-02-01 15:26:30.504452+00:00,0
2025-02-01 15:26:35.533064+00:00,2902
2025-02-01 15:26:40.461175+00:00,4095
2025-02-01 15:27:29.707527+00:00,4095
2025-02-01 15:27:30.721970+00:00,1370
2025-02-01 15:27:31.740781+00:00,0
2025-02-01 15:27:32.772852+00:00,3224
2025-02-01 15:27:33.791229+00:00,4095
2025-02-01 15:27:35.013058+00:00,0
2025-02-01 15:27:35.832915+00:00,4095
2025-02-01 15:27:36.838905+00:00,251
2025-02-01 15:27:37.930852+00:00,4095
2025-02-01 15:27:39.109905+00:00,528
2025-02-01 15:27:40.032394+00:00,0
2025-02-01 15:27:41.058088+00:00,1336
2025-02-01 15:27:42.109166+00:00,4095
2025-02-01 15:27:43.134085+00:00,1943
2025-02-01 15:27:44.337878+00:00,4095
2025-02-01 15:27:45.254010+00:00,4095
2025-02-01 15:27:46.275361+00:00,0
2025-02-01 15:27:47.308049+00:00,0
2025-02-01 15:27:48.314451+00:00,4095
2025-02-01 15:27:49.371611+00:00,0
2025-02-01 15:27:50.393804+00:00,3922
2025-02-01 15:27:51.615057+00:00,0
2025-02-01 15:27:52.425780+00:00,0
2025-02-01 15:27:53.432730+00:00,4095
2025-02-01 15:27:54.574307+00:00,597
2025-02-01 15:27:55.516619+00:00,4095
2025-02-01 15:27:56.723720+00:00,0
2025-02-01 15:27:57.542675+00:00,2852
2025-02-01 15:27:58.562749+00:00,4095
2025-02-01 15:27:59.563482+00:00,1894
2025-02-01 15:28:00.745284+00:00,2105
2025-02-01 15:28:01.851159+00:00,4095
2025-02-01 15:28:02.661912+00:00,2749
2025-02-01 15:28:03.721094+00:00,4095
2025-02-01 15:28:04.934358+00:00,464
2025-02-01 15:28:05.950036+00:00,496
2025-02-01 15:28:06.969067+00:00,509
2025-02-01 15:28:07.803555+00:00,493
2025-02-01 15:28:09.149720+00:00,490
2025-02-01 15:28:10.219318+00:00,929
2025-02-01 15:28:10.988186+00:00,414
2025-02-01 15:28:12.208796+00:00,630
2025-02-01 15:28:13.229508+00:00,1061
2025-02-01 15:28:18.475926+00:00,510
2025-02-01 15:28:20.644199+00:00,222
2025-02-01 15:28:21.063543+00:00,153
2025-02-01 15:28:22.144362+00:00,180
2025-02-01 15:28:23.534139+00:00,155
2025-02-01 15:28:24.290277+00:00,437
2025-02-01 15:28:25.689157+00:00,186
2025-02-01 15:28:29.511696+00:00,177
2025-02-01 15:28:29.851844+00:00,138
2025-02-01 15:28:31.131139+00:00,302
2025-02-01 15:28:32.000442+00:00,467
2025-02-01 15:29:08.730165+00:00,0
2025-02-01 15:29:09.938055+00:00,413
2025-02-01 15:29:10.779811+00:00,385
2025-02-01 15:29:11.795393+00:00,511
2025-02-01 15:29:12.816426+00:00,528
2025-02-01 15:29:13.854545+00:00,482
2025-02-01 15:29:15.135921+00:00,419
2025-02-01 15:29:16.115497+00:00,258
2025-02-01 15:29:17.034307+00:00,48
2025-02-01 15:29:18.244220+00:00,143
2025-02-01 15:29:19.403812+00:00,93
2025-02-01 15:29:20.472913+00:00,377
2025-02-01 15:29:22.912654+00:00,0
2025-02-01 15:29:23.233075+00:00,162
2025-02-01 15:29:24.382213+00:00,195
2025-02-01 15:29:27.818551+00:00,422
2025-02-01 15:29:28.243135+00:00,0
2025-02-01 15:29:29.370347+00:00,0
2025-02-01 15:29:30.272167+00:00,209
2025-02-01 15:29:31.449435+00:00,155
2025-02-01 15:29:34.008268+00:00,139
2025-02-01 15:29:34.402273+00:00,127
2025-02-01 15:29:35.338896+00:00,0
2025-02-01 15:29:40.975112+00:00,183
2025-02-01 15:29:42.777833+00:00,191
2025-02-01 15:29:43.315994+00:00,20
2025-02-01 15:29:46.007031+00:00,474
2025-02-01 15:29:46.324154+00:00,335
2025-02-01 15:29:47.534323+00:00,439
2025-02-01 15:29:48.353096+00:00,528
2025-02-01 15:29:49.572917+00:00,21
2025-02-01 15:29:50.392319+00:00,445
2025-02-01 15:29:51.420001+00:00,495
2025-02-01 15:29:52.662935+00:00,401
2025-02-01 15:29:53.680373+00:00,563
2025-02-01 15:29:54.491508+00:00,539
2025-02-01 15:29:56.940578+00:00,29
2025-02-01 15:29:57.332704+00:00,319
2025-02-01 15:29:58.294606+00:00,353
2025-02-01 15:29:59.511689+00:00,542
2025-02-01 15:30:01.926671+00:00,67
2025-02-01 15:30:03.548729+00:00,0
2025-02-01 15:30:04.727253+00:00,166
2025-02-01 15:30:05.657279+00:00,0
2025-02-01 15:30:07.169679+00:00,535
2025-02-01 15:30:08.738766+00:00,0
2025-02-01 15:30:09.075922+00:00,303
2025-02-01 15:30:10.286190+00:00,329
2025-02-01 15:30:11.304792+00:00,97
2025-02-01 15:30:12.573333+00:00,535
2025-02-01 15:30:37.365272+00:00,341
2025-02-01 15:30:37.675988+00:00,37
2025-02-01 15:30:39.942659+00:00,464
2025-02-01 15:30:40.234719+00:00,457
2025-02-01 15:30:41.384751+00:00,446
2025-02-01 15:30:42.311616+00:00,433
2025-02-01 15:30:43.332270+00:00,427
2025-02-01 15:30:44.382928+00:00,500
2025-02-01 15:30:45.583353+00:00,137
2025-02-01 15:30:46.501996+00:00,489
2025-02-01 15:30:47.531172+00:00,451
2025-02-01 15:30:48.551157+00:00,435
2025-02-01 15:30:49.580291+00:00,400
2025-02-01 15:30:50.599174+00:00,463
2025-02-01 15:30:51.628873+00:00,528
2025-02-01 15:30:52.702400+00:00,429
2025-02-01 15:30:53.749290+00:00,497
2025-02-01 15:30:54.755390+00:00,523
2025-02-01 15:30:55.920694+00:00,0
2025-02-01 15:30:56.844832+00:00,146
2025-02-01 15:30:58.038381+00:00,105
2025-02-01 15:30:58.965346+00:00,409
2025-02-01 15:30:59.984408+00:00,539
2025-02-01 15:31:01.014587+00:00,511
2025-02-01 15:31:02.034173+00:00,413
2025-02-01 15:31:03.065001+00:00,432
2025-02-01 15:31:04.083654+00:00,402
2025-02-01 15:31:05.102387+00:00,528
2025-02-01 15:31:06.133546+00:00,508
2025-02-01 15:31:07.150496+00:00,32
2025-02-01 15:31:08.182404+00:00,379
2025-02-01 15:31:09.201442+00:00,0
2025-02-01 15:31:10.253011+00:00,431
2025-02-01 15:31:11.453425+00:00,455
2025-02-01 15:31:12.381644+00:00,423
2025-02-01 15:31:13.399688+00:00,511
2025-02-01 15:31:14.430669+00:00,430
2025-02-01 15:31:15.437434+00:00,461
2025-02-01 15:31:16.480101+00:00,465
2025-02-01 15:31:17.489168+00:00,419
2025-02-01 15:31:18.532283+00:00,504
2025-02-01 15:31:19.540126+00:00,598
2025-02-01 15:31:20.557588+00:00,397
2025-02-01 15:31:21.599502+00:00,346
2025-02-01 15:31:22.618114+00:00,358
2025-02-01 15:31:23.646306+00:00,353
2025-02-01 15:31:24.665743+00:00,576
2025-02-01 15:31:25.695088+00:00,511
2025-02-01 15:31:26.716002+00:00,924
2025-02-01 15:31:27.759240+00:00,80
2025-02-01 15:31:28.783199+00:00,451
2025-02-01 15:31:29.997211+00:00,495
2025-02-01 15:31:30.808106+00:00,494
2025-02-01 15:31:31.835212+00:00,450
2025-02-01 15:31:32.864056+00:00,460
2025-02-01 15:31:33.864419+00:00,480
2025-02-01 15:31:34.863914+00:00,435
2025-02-01 15:31:36.131939+00:00,390
2025-02-01 15:31:37.059897+00:00,471
2025-02-01 15:31:38.081931+00:00,537
2025-02-01 15:31:39.114550+00:00,48
2025-02-01 15:31:40.121543+00:00,498
2025-02-01 15:31:41.152383+00:00,511
2025-02-01 15:31:42.181184+00:00,402
2025-02-01 15:31:43.302907+00:00,511
2025-02-01 15:31:44.192434+00:00,528
2025-02-01 15:31:45.340517+00:00,428
2025-02-01 15:31:46.375788+00:00,496
2025-02-01 15:31:47.398420+00:00,531
2025-02-01 15:31:48.427419+00:00,539
2025-02-01 15:31:49.448349+00:00,437
2025-02-01 15:32:10.123092+00:00,0
2025-02-01 15:32:11.141666+00:00,432
2025-02-01 15:32:12.300145+00:00,373
2025-02-01 15:32:13.412065+00:00,432
2025-02-01 15:32:14.210628+00:00,57
2025-02-01 15:32:15.339983+00:00,0
2025-02-01 15:32:16.289976+00:00,0
2025-02-01 15:32:17.308287+00:00,0
2025-02-01 15:32:18.346590+00:00,0
2025-02-01 15:32:20.578684+00:00,14
2025-02-01 15:32:20.919771+00:00,0
2025-02-01 15:32:24.726918+00:00,454
2025-02-01 15:32:25.229659+00:00,0
2025-02-01 15:32:26.076721+00:00,0
2025-02-01 15:32:27.256335+00:00,386
2025-02-01 15:32:28.364219+00:00,0
2025-02-01 15:32:29.200440+00:00,505
2025-02-01 15:32:30.429419+00:00,511
2025-02-01 15:32:31.454324+00:00,478
2025-02-01 15:32:32.645585+00:00,473
2025-02-01 15:32:33.398284+00:00,455
2025-02-01 15:32:34.423590+00:00,493
2025-02-01 15:32:35.643752+00:00,477
2025-02-01 15:32:36.665179+00:00,489
2025-02-01 15:32:37.492966+00:00,471
2025-02-01 15:32:38.502631+00:00,541
2025-02-01 15:32:39.542349+00:00,477
2025-02-01 15:32:40.566340+00:00,479
2025-02-01 15:32:43.182227+00:00,423
2025-02-01 15:32:43.502521+00:00,417
2025-02-01 15:32:44.550157+00:00,385
2025-02-01 15:32:45.583573+00:00,545
2025-02-01 15:33:01.599556+00:00,403
2025-02-01 15:44:16.680524+00:00,4095
2025-02-01 15:44:21.513112+00:00,2003
2025-02-01 15:44:23.643704+00:00,96
2025-02-01 15:44:28.653826+00:00,0
2025-02-01 15:44:33.649653+00:00,0
2025-02-01 15:44:38.637815+00:00,0
2025-02-01 15:44:43.644465+00:00,0
2025-02-01 15:44:48.643719+00:00,1535
2025-02-01 15:44:53.650018+00:00,2969
2025-02-01 15:44:57.603829+00:00,960
2025-02-01 15:44:58.591820+00:00,272
2025-02-01 15:44:59.572478+00:00,26
2025-02-01 15:45:00.726322+00:00,0
2025-02-01 15:45:01.751922+00:00,0
2025-02-01 15:45:03.033525+00:00,0
2025-02-01 15:45:03.583065+00:00,0
2025-02-01 15:45:04.564866+00:00,4095
2025-02-01 15:45:05.559817+00:00,4095
2025-02-01 15:45:09.718525+00:00,4095
2025-02-01 15:45:09.816712+00:00,0
2025-02-01 15:45:10.808632+00:00,0
2025-02-01 15:45:11.989271+00:00,98
2025-02-01 15:45:13.058895+00:00,4095
2025-02-01 15:45:13.797568+00:00,4095
2025-02-01 15:45:14.856588+00:00,1746
2025-02-01 15:45:15.965229+00:00,2230
2025-02-01 15:45:16.839804+00:00,4095
2025-02-01 15:45:17.816627+00:00,2767
2025-02-01 15:45:18.849810+00:00,3246
2025-02-01 15:45:19.953916+00:00,4095
2025-02-01 15:45:20.984564+00:00,4095
2025-02-01 15:45:21.803130+00:00,3695
2025-02-01 15:45:22.873809+00:00,4095
2025-02-01 15:45:23.962800+00:00,4095
2025-02-01 15:45:25.013558+00:00,4095
2025-02-01 15:45:26.018509+00:00,4095
2025-02-01 15:45:26.808690+00:00,4095
2025-02-01 15:45:27.954035+00:00,4095
2025-02-01 15:45:31.461157+00:00,4095
2025-02-01 15:45:31.570918+00:00,0
2025-02-01 15:45:32.562192+00:00,0
2025-02-01 15:45:33.579519+00:00,16
2025-02-01 15:45:34.713037+00:00,176
2025-02-01 15:45:35.579184+00:00,4095
2025-02-01 15:45:36.648598+00:00,4095
2025-02-01 15:45:37.578572+00:00,0
2025-02-01 15:45:38.689146+00:00,0
2025-02-01 15:45:39.548209+00:00,0
2025-02-01 15:45:40.754671+00:00,0
2025-02-01 15:45:41.557050+00:00,4095
2025-02-01 15:45:43.027711+00:00,4095
2025-02-01 15:45:43.606881+00:00,4095
2025-02-01 15:45:44.748246+00:00,0
2025-02-01 15:45:45.552794+00:00,0
2025-02-01 15:45:46.615842+00:00,4095
2025-02-01 15:45:47.716161+00:00,0
2025-02-01 15:45:48.745470+00:00,0
2025-02-01 15:45:49.554952+00:00,0
2025-02-01 15:45:54.683304+00:00,0
2025-02-01 15:45:54.872653+00:00,4095
2025-02-01 15:45:55.793337+00:00,4095
2025-02-01 15:45:56.772444+00:00,4095
2025-02-01 15:45:57.930977+00:00,4095
2025-02-01 15:45:58.784809+00:00,4095
2025-02-01 15:45:59.765141+00:00,4095
2025-02-01 15:46:00.835235+00:00,4095
2025-02-01 15:46:02.389489+00:00,4095
2025-02-01 15:46:02.788139+00:00,4095
2025-02-01 15:46:03.772490+00:00,4095
2025-02-01 15:46:05.253507+00:00,4095
2025-02-01 15:46:05.779168+00:00,4095
2025-02-01 15:46:06.958281+00:00,4095
2025-02-01 15:46:07.789445+00:00,4095
2025-02-01 15:46:08.824608+00:00,4095
2025-02-01 15:46:09.777135+00:00,4095
2025-02-01 15:46:10.956977+00:00,4095
2025-02-01 15:46:11.766041+00:00,3543
2025-02-01 15:46:12.820223+00:00,4095
2025-02-01 15:46:14.007603+00:00,2458
2025-02-01 15:46:14.774933+00:00,2333
2025-02-01 15:46:15.975568+00:00,1980
2025-02-01 15:46:16.774587+00:00,1616
2025-02-01 15:46:17.914337+00:00,1078
2025-02-01 15:46:18.943601+00:00,709
2025-02-01 15:46:19.761860+00:00,287
2025-02-01 15:46:23.743960+00:00,4095
2025-02-01 15:46:23.851600+00:00,4095
2025-02-01 15:46:24.809544+00:00,4095
2025-02-01 15:46:26.016597+00:00,4095
2025-02-01 15:46:27.030469+00:00,4095
2025-02-01 15:46:27.851344+00:00,4095
2025-02-01 15:46:28.810514+00:00,3982
2025-02-01 15:46:29.819584+00:00,4095
2025-02-01 15:46:31.020939+00:00,4095
2025-02-01 15:46:34.679566+00:00,4033
2025-02-01 15:46:34.748960+00:00,4095
2025-02-01 15:46:35.742346+00:00,4095
2025-02-01 15:46:36.947820+00:00,4095
2025-02-01 15:46:37.784682+00:00,4095
2025-02-01 15:46:38.897793+00:00,4095
2025-02-01 15:46:39.748675+00:00,4095
2025-02-01 15:46:40.948059+00:00,3901
2025-02-01 15:46:41.798144+00:00,4095
2025-02-01 15:46:42.896437+00:00,4095
2025-02-01 15:46:43.916918+00:00,4095
2025-02-01 15:46:44.944909+00:00,4095
2025-02-01 15:46:45.755127+00:00,4095
2025-02-01 15:46:49.754163+00:00,3911
2025-02-01 15:46:49.833779+00:00,4095
2025-02-01 15:46:51.002686+00:00,4095
2025-02-01 15:46:52.002895+00:00,4095
2025-02-01 15:46:52.823132+00:00,4095
2025-02-01 15:46:53.841037+00:00,4095
2025-02-01 15:46:58.232577+00:00,4095
2025-02-01 15:46:58.298895+00:00,4095
2025-02-01 15:46:59.479386+00:00,4095
2025-02-01 15:47:00.299075+00:00,0
2025-02-01 15:47:01.318802+00:00,0
2025-02-01 15:47:02.439099+00:00,0
2025-02-01 15:47:03.458084+00:00,4095
2025-02-01 15:47:04.500317+00:00,4095
2025-02-01 15:47:05.278158+00:00,4095
2025-02-01 15:47:06.437795+00:00,0
2025-02-01 15:47:07.647930+00:00,0
2025-02-01 15:47:08.487515+00:00,0
2025-02-01 15:47:09.308468+00:00,4095
2025-02-01 15:47:15.453953+00:00,1789
2025-02-01 15:47:16.473782+00:00,2381
2025-02-01 15:47:17.304590+00:00,2009
2025-02-01 15:47:18.523561+00:00,1743
2025-02-01 15:47:19.452419+00:00,1363
2025-02-01 15:47:20.483261+00:00,1039
2025-02-01 15:47:21.292525+00:00,4095
2025-02-01 15:47:22.310503+00:00,4095
2025-02-01 15:47:23.452393+00:00,0
2025-02-01 15:47:24.473641+00:00,0
2025-02-01 15:47:27.507820+00:00,0
2025-02-01 15:47:27.719939+00:00,4095
2025-02-01 15:47:28.880303+00:00,3707
2025-02-01 15:47:29.700659+00:00,4095
2025-02-01 15:47:30.730376+00:00,4095
2025-02-01 15:47:31.860457+00:00,4095
2025-02-01 15:47:33.259600+00:00,4095
2025-02-01 15:47:33.678487+00:00,4095
2025-02-01 15:47:34.807808+00:00,4095
2025-02-01 15:47:35.687694+00:00,4095
2025-02-01 15:47:36.879908+00:00,4095
2025-02-01 15:47:41.129101+00:00,4095
2025-02-01 15:47:42.085524+00:00,0
2025-02-01 15:47:42.806081+00:00,0
2025-02-01 15:47:43.805830+00:00,0
2025-02-01 15:47:49.241907+00:00,0
2025-02-01 15:47:49.314397+00:00,2249
2025-02-01 15:47:50.491662+00:00,2308
2025-02-01 15:48:40.147383+00:00,2954
2025-02-01 15:48:45.163761+00:00,3383
2025-02-01 15:48:49.973783+00:00,4094
2025-02-01 15:48:55.001338+00:00,4095
2025-02-01 15:49:00.121127+00:00,4095
2025-02-01 15:49:05.131099+00:00,4095
2025-02-01 15:49:10.345959+00:00,4095
2025-02-01 15:49:15.185291+00:00,3792
2025-02-01 15:49:20.010276+00:00,2695
2025-02-01 15:49:25.026069+00:00,1348
2025-02-01 15:49:30.169306+00:00,0
2025-02-01 15:49:35.076276+00:00,0
2025-02-01 15:49:40.180777+00:00,0
2025-02-01 15:49:45.173792+00:00,0
2025-02-01 15:49:50.374710+00:00,236
2025-02-01 15:49:55.122047+00:00,821
2025-02-01 15:50:00.050597+00:00,1791
2025-02-01 15:50:05.146060+00:00,3202
2025-02-01 15:50:10.163430+00:00,4095
2025-02-01 15:50:15.217830+00:00,4095
2025-02-01 15:50:20.001376+00:00,4095
2025-02-01 15:50:25.119803+00:00,4095
2025-02-01 15:50:30.152463+00:00,4048
2025-02-01 15:50:35.068957+00:00,3568
2025-02-01 15:50:40.174479+00:00,2541
2025-02-01 15:50:45.182577+00:00,894
2025-02-01 15:50:50.011106+00:00,0
2025-02-01 15:50:55.029714+00:00,0
2025-02-01 15:51:00.137238+00:00,0
2025-02-01 15:51:05.145687+00:00,0
2025-02-01 15:51:10.183955+00:00,0
2025-02-01 15:51:14.984177+00:00,0
2025-02-01 15:51:20.062375+00:00,80
2025-02-01 15:51:25.149316+00:00,0
2025-02-01 15:51:30.170261+00:00,0
2025-02-01 15:51:35.003239+00:00,4095
2025-02-01 15:51:40.170833+00:00,98
2025-02-01 15:51:44.999196+00:00,4095
2025-02-01 15:51:50.108022+00:00,887
2025-02-01 15:51:55.135008+00:00,1136
2025-02-01 15:52:00.145407+00:00,1357
2025-02-01 15:52:04.963648+00:00,1759
2025-02-01 15:52:10.172322+00:00,2320
2025-02-01 15:52:14.991754+00:00,3755
2025-02-01 15:52:20.098606+00:00,4095
2025-02-01 15:52:25.129170+00:00,4095
2025-02-01 15:52:30.151367+00:00,4095
2025-02-01 15:52:35.075874+00:00,2549
2025-02-01 15:52:39.995614+00:00,2666
2025-02-01 15:52:45.011645+00:00,4095
2025-02-01 15:52:50.129931+00:00,2533
2025-02-01 15:52:55.127492+00:00,2787
2025-02-01 15:53:00.166271+00:00,2768
2025-02-01 15:53:04.956691+00:00,2298
2025-02-01 15:53:09.992419+00:00,2332
2025-02-01 15:53:15.001066+00:00,4095
2025-02-01 15:53:19.949151+00:00,1822
2025-02-01 15:53:24.957424+00:00,1877
2025-02-01 15:53:30.147763+00:00,4095
2025-02-01 15:53:34.963924+00:00,358
2025-02-01 15:53:39.992054+00:00,744
2025-02-01 15:53:45.000422+00:00,1475
2025-02-01 15:53:50.107434+00:00,2754
2025-02-01 15:53:55.126742+00:00,3793
2025-02-01 15:54:00.154648+00:00,4095
2025-02-01 15:54:04.993534+00:00,2899
2025-02-01 15:54:09.972695+00:00,4095
2025-02-01 15:54:15.100244+00:00,2922
2025-02-01 15:54:20.119109+00:00,2881
2025-02-01 15:54:25.136626+00:00,1383
2025-02-01 15:54:30.255360+00:00,0
2025-02-01 15:54:34.983285+00:00,1237
2025-02-01 15:54:39.993237+00:00,2941
2025-02-01 15:54:47.968348+00:00,4069
2025-02-01 15:54:50.128016+00:00,3246
2025-02-01 15:54:55.166206+00:00,3102
2025-02-01 15:55:00.038619+00:00,3323
2025-02-01 15:55:04.972948+00:00,3441
2025-02-01 15:55:10.101686+00:00,2733
2025-02-01 15:55:15.399871+00:00,2449
2025-02-01 15:55:19.978031+00:00,2509
2025-02-01 15:55:25.137713+00:00,1932
2025-02-01 15:55:29.965324+00:00,697
2025-02-01 15:55:35.082505+00:00,123
2025-02-01 15:55:40.091831+00:00,1619
2025-02-01 15:55:45.108410+00:00,3583
2025-02-01 15:55:50.128269+00:00,4095
2025-02-01 15:55:55.152331+00:00,4095
2025-02-01 15:55:59.982484+00:00,3793
2025-02-01 15:56:04.983071+00:00,3467
2025-02-01 15:56:10.091477+00:00,3470
2025-02-01 15:56:15.121329+00:00,3806
2025-02-01 15:56:20.127673+00:00,4095
2025-02-01 15:56:25.146541+00:00,3012
2025-02-01 15:56:29.995449+00:00,3089
2025-02-01 15:56:43.310655+00:00,4095
2025-02-01 15:56:48.318134+00:00,4095
2025-02-01 15:56:53.309900+00:00,2866
2025-02-01 15:56:58.339638+00:00,2915
2025-02-01 15:57:03.314247+00:00,2893
2025-02-01 15:57:08.493268+00:00,3015
2025-02-01 15:57:13.653407+00:00,4095
2025-02-01 15:57:18.278878+00:00,3677
2025-02-01 15:57:23.279762+00:00,2894
2025-02-01 15:57:28.434268+00:00,3388
2025-02-01 15:57:33.334332+00:00,3337
2025-02-01 15:57:42.223784+00:00,3301
2025-02-01 15:57:43.301330+00:00,3463
2025-02-01 15:57:53.517778+00:00,3773
2025-02-01 15:57:58.485838+00:00,2694
2025-02-01 15:58:03.284504+00:00,1903
2025-02-01 15:58:11.430631+00:00,197
2025-02-01 15:58:13.299249+00:00,656
2025-02-01 15:58:18.317363+00:00,2963
2025-02-01 15:58:23.466528+00:00,3279
2025-02-01 15:58:34.072026+00:00,4095
2025-02-01 15:58:38.892046+00:00,1885
2025-02-01 15:58:43.307174+00:00,67
2025-02-01 15:58:48.298526+00:00,591
2025-02-01 15:58:53.435781+00:00,2642
2025-02-01 15:58:58.334818+00:00,3474
2025-02-01 15:59:08.890895+00:00,2549
2025-02-01 15:59:12.663503+00:00,3006
2025-02-01 15:59:13.718509+00:00,1424
2025-02-01 15:59:18.737509+00:00,337
2025-02-01 15:59:23.855813+00:00,2559
2025-02-01 15:59:28.863573+00:00,3401
2025-02-01 15:59:33.692198+00:00,4095
2025-02-01 15:59:38.900086+00:00,3849
2025-02-01 15:59:56.430264+00:00,3888
2025-02-01 16:00:01.224868+00:00,0
2025-02-01 16:00:06.222746+00:00,1739
2025-02-01 16:00:11.358329+00:00,4095
2025-02-01 16:00:16.386657+00:00,4095
2025-02-01 16:00:21.403942+00:00,3658
2025-02-01 16:00:26.604765+00:00,3357
2025-02-01 16:00:31.232346+00:00,3633
2025-02-01 16:00:36.352118+00:00,4095
2025-02-01 16:00:41.377423+00:00,4095
2025-02-01 16:00:46.396980+00:00,4095
2025-02-01 16:00:51.218767+00:00,4095
2025-02-01 16:00:56.253474+00:00,4095
2025-02-01 16:01:01.252563+00:00,4095
2025-02-01 16:01:06.370420+00:00,4095
2025-02-01 16:01:11.669373+00:00,4095
2025-02-01 16:06:41.222189+00:00,4095
2025-02-01 16:06:46.184480+00:00,4095
2025-02-01 16:06:51.462949+00:00,4095
2025-02-01 16:06:56.290885+00:00,4095
2025-02-01 16:07:01.577634+00:00,4095
2025-02-01 16:07:06.208063+00:00,4095
2025-02-01 16:07:11.228042+00:00,4095
2025-02-01 16:07:16.353630+00:00,3731
2025-02-01 16:07:24.713109+00:00,4095
2025-02-01 16:07:29.274525+00:00,2299
2025-02-01 16:07:33.526986+00:00,4095
2025-02-01 16:07:34.376484+00:00,2656
2025-02-01 16:07:37.334936+00:00,2929
2025-02-01 16:07:40.214768+00:00,3183
2025-02-01 16:07:43.216381+00:00,3565
2025-02-01 16:07:46.353058+00:00,3853
2025-02-01 16:07:49.218485+00:00,4095
2025-02-01 16:07:52.390706+00:00,4095
2025-02-01 16:07:55.359656+00:00,4095
2025-02-01 16:07:58.339872+00:00,4095
2025-02-01 16:08:01.208539+00:00,4095
2025-02-01 16:08:04.376479+00:00,4095
2025-02-01 16:08:07.353579+00:00,4095
2025-02-01 16:08:10.183648+00:00,4095
2025-02-01 16:08:13.385702+00:00,4095
2025-02-01 16:08:16.362937+00:00,4095
2025-02-01 16:08:19.231691+00:00,4095
2025-02-01 16:08:22.411476+00:00,4095
2025-02-01 16:08:25.200060+00:00,4095
2025-02-01 16:08:28.258316+00:00,4095
2025-02-01 16:08:34.276822+00:00,4095
2025-02-01 16:08:34.338837+00:00,4095
2025-02-01 16:08:37.585123+00:00,4095
2025-02-01 16:08:40.353526+00:00,4095
2025-02-01 16:08:43.403747+00:00,4095
2025-02-01 16:08:46.350446+00:00,4095
2025-02-01 16:08:49.380518+00:00,4095
2025-02-01 16:08:52.359518+00:00,4095
2025-02-01 16:08:55.367368+00:00,4095
2025-02-01 16:08:58.557904+00:00,3889
2025-02-01 16:09:01.345792+00:00,3248
2025-02-01 16:09:04.386379+00:00,2449
2025-02-01 16:09:07.579164+00:00,4095
2025-02-01 16:09:10.544151+00:00,4095
2025-02-01 16:09:13.518741+00:00,148
2025-02-01 16:09:16.385872+00:00,0
2025-02-01 16:09:19.553021+00:00,4095
2025-02-01 16:09:22.420076+00:00,0
2025-02-01 16:09:25.388388+00:00,4095
2025-02-01 16:09:28.739780+00:00,4095
2025-02-01 16:09:31.390509+00:00,2752
2025-02-01 16:09:34.392315+00:00,3824
2025-02-01 16:09:37.393962+00:00,4095
2025-02-01 16:09:40.543691+00:00,4095
2025-02-01 16:09:43.393107+00:00,4095
2025-02-01 16:09:49.341572+00:00,4095
2025-02-01 16:09:49.429648+00:00,0
2025-02-01 16:09:52.619188+00:00,0
2025-02-01 16:09:55.468422+00:00,4095
2025-02-01 16:09:58.657703+00:00,765
2025-02-01 16:10:01.427207+00:00,4095
2025-02-01 16:10:04.797359+00:00,3618
2025-02-01 16:10:07.566512+00:00,4095
2025-02-01 16:10:10.454093+00:00,4095
2025-02-01 16:10:13.424342+00:00,4095
2025-02-01 16:10:16.452597+00:00,4095
2025-02-01 16:10:19.466385+00:00,1970
2025-02-01 16:10:22.809488+00:00,384
2025-02-01 16:10:25.601452+00:00,4095
2025-02-01 16:10:28.468074+00:00,0
2025-02-01 16:10:31.414813+00:00,0
2025-02-01 16:10:34.404828+00:00,2021
2025-02-01 16:10:37.563446+00:00,3347
2025-02-01 16:10:40.429806+00:00,4095
2025-02-01 16:10:43.410996+00:00,4095
2025-02-01 16:10:46.428967+00:00,4095
2025-02-01 16:10:49.421894+00:00,4095
2025-02-01 16:10:52.436261+00:00,3803
2025-02-01 16:10:55.587927+00:00,2885
2025-02-01 16:10:58.464213+00:00,2370
2025-02-01 16:11:01.645791+00:00,1764
2025-02-01 16:11:04.616194+00:00,1105
2025-02-01 16:11:07.421741+00:00,663
2025-02-01 16:11:10.439471+00:00,422
2025-02-01 16:11:13.642115+00:00,305
2025-02-01 16:11:16.771576+00:00,262
2025-02-01 16:11:19.480714+00:00,173
2025-02-01 16:11:25.697781+00:00,1
2025-02-01 16:11:25.823143+00:00,4095
2025-02-01 16:11:28.987460+00:00,4095
2025-02-01 16:11:31.775745+00:00,4095
2025-02-01 16:11:34.916014+00:00,4095
2025-02-01 16:11:38.005256+00:00,4095
2025-02-01 16:11:40.952415+00:00,4095
2025-02-01 16:12:27.427892+00:00,4095
2025-02-01 16:12:32.254309+00:00,4095
2025-02-01 16:12:37.259669+00:00,4095
2025-02-01 16:12:42.381942+00:00,0
2025-02-01 16:12:47.399613+00:00,4095
2025-02-01 16:12:52.417336+00:00,316
2025-02-01 16:12:57.436558+00:00,2549
2025-02-01 16:13:02.255195+00:00,4095
2025-02-01 16:13:07.271904+00:00,4095
2025-02-01 16:13:12.390770+00:00,4095
2025-02-01 16:13:17.419835+00:00,343
2025-02-01 16:13:22.336803+00:00,0
2025-02-01 16:13:27.446930+00:00,0
2025-02-01 16:13:32.463552+00:00,4095
2025-02-01 16:13:37.281921+00:00,4095
2025-02-01 16:13:42.391002+00:00,4095
2025-02-01 16:13:47.276453+00:00,4095
2025-02-01 16:13:52.427208+00:00,4095
2025-02-01 16:13:57.455929+00:00,4095
2025-02-01 16:14:02.263868+00:00,4095
2025-02-01 16:14:07.299893+00:00,4095
2025-02-01 16:14:12.399258+00:00,4095
2025-02-01 16:14:17.419291+00:00,2177
2025-02-01 16:14:22.358880+00:00,421
2025-02-01 16:14:27.241594+00:00,0
2025-02-01 16:14:32.272910+00:00,0
2025-02-01 16:14:37.391731+00:00,2439
2025-02-01 16:14:42.414867+00:00,4095
2025-02-01 16:14:47.239447+00:00,4095
2025-02-01 16:14:52.437175+00:00,4095
2025-02-01 16:14:57.245280+00:00,2845
2025-02-01 16:15:02.263298+00:00,1283
2025-02-01 16:15:07.244930+00:00,658
2025-02-01 16:15:12.409856+00:00,1726
2025-02-01 16:15:17.422962+00:00,4095
2025-02-01 16:15:22.344764+00:00,4095
2025-02-01 16:15:32.278721+00:00,0
2025-02-01 16:15:42.588028+00:00,1222
2025-02-01 16:15:52.231518+00:00,4094
2025-02-01 16:16:02.277867+00:00,0
2025-02-01 16:16:12.404735+00:00,316
2025-02-01 16:16:22.351255+00:00,3502
2025-02-01 16:16:32.377156+00:00,4095
2025-02-01 16:16:42.416522+00:00,4095
2025-02-01 16:16:52.240887+00:00,4095
2025-02-01 16:17:02.378044+00:00,3537
2025-02-01 16:17:12.413642+00:00,4095
2025-02-01 16:17:22.250265+00:00,4095
2025-02-01 16:31:00.367395+00:00,208
2025-02-01 16:31:00.454408+00:00,0
2025-02-01 16:31:00.556576+00:00,0
2025-02-01 16:31:00.655374+00:00,0
2025-02-01 16:31:00.773513+00:00,0
2025-02-01 16:31:00.869104+00:00,638
2025-02-01 16:31:00.965220+00:00,0
2025-02-01 16:31:01.067116+00:00,0
2025-02-01 16:31:01.178517+00:00,0
2025-02-01 16:31:01.295813+00:00,0
2025-02-01 16:31:01.397582+00:00,0
2025-02-01 16:31:01.502082+00:00,0
2025-02-01 16:31:01.579936+00:00,439
2025-02-01 16:31:01.701267+00:00,0
2025-02-01 16:31:01.779508+00:00,0
2025-02-01 16:31:01.876838+00:00,0
2025-02-01 16:31:01.985345+00:00,206
2025-02-01 16:31:02.097683+00:00,0
2025-02-01 16:31:02.174132+00:00,0
2025-02-01 16:31:02.318671+00:00,0
2025-02-01 16:31:02.395362+00:00,113
2025-02-01 16:31:02.484879+00:00,16
2025-02-01 16:31:02.584661+00:00,31
2025-02-01 16:31:02.697979+00:00,69
2025-02-01 16:31:02.774727+00:00,45
2025-02-01 16:31:02.891375+00:00,109
2025-02-01 16:31:02.989762+00:00,134
2025-02-01 16:31:03.098434+00:00,132
2025-02-01 16:31:03.214945+00:00,198
2025-02-01 16:31:03.314292+00:00,191
2025-02-01 16:31:03.473277+00:00,243
2025-02-01 16:31:03.565361+00:00,297
2025-02-01 16:31:03.656258+00:00,3084
2025-02-01 16:31:03.756011+00:00,3039
2025-02-01 16:31:03.856904+00:00,3141
2025-02-01 16:31:03.956640+00:00,3221
2025-02-01 16:31:04.058782+00:00,3233
2025-02-01 16:31:04.165198+00:00,3292
2025-02-01 16:31:04.277995+00:00,3358
2025-02-01 16:31:04.376254+00:00,3391
2025-02-01 16:31:04.458361+00:00,3455
2025-02-01 16:31:04.570047+00:00,3543
2025-02-01 16:31:04.654201+00:00,3578
2025-02-01 16:31:04.766353+00:00,3667
2025-02-01 16:31:04.868089+00:00,3693
2025-02-01 16:31:04.987028+00:00,3794
2025-02-01 16:31:05.109610+00:00,2304
2025-02-01 16:31:05.216104+00:00,1311
2025-02-01 16:31:05.315822+00:00,2681
2025-02-01 16:31:05.446678+00:00,2750
2025-02-01 16:31:05.553728+00:00,4095
2025-02-01 16:31:05.663248+00:00,1938
2025-02-01 16:31:05.765966+00:00,2846
2025-02-01 16:31:05.877253+00:00,967
2025-02-01 16:31:05.986839+00:00,2913
2025-02-01 16:31:06.085129+00:00,0
2025-02-01 16:31:06.196282+00:00,0
2025-02-01 16:31:06.312690+00:00,4095
2025-02-01 16:31:06.417828+00:00,429
2025-02-01 16:31:06.536931+00:00,187
2025-02-01 16:31:06.646897+00:00,4095
2025-02-01 16:31:06.737437+00:00,2246
2025-02-01 16:31:06.850070+00:00,1310
2025-02-01 16:31:06.943938+00:00,1036
2025-02-01 16:31:07.034817+00:00,1157
2025-02-01 16:31:07.135510+00:00,1569
2025-02-01 16:31:09.115266+00:00,546
2025-02-01 16:31:11.304022+00:00,4095
2025-02-01 16:31:13.254988+00:00,0
2025-02-01 16:31:15.200167+00:00,0
2025-02-01 16:31:17.152528+00:00,4095
2025-02-01 16:31:19.316956+00:00,1023
2025-02-01 16:31:21.151878+00:00,1606
2025-02-01 16:31:23.162621+00:00,4095
2025-02-01 16:31:25.140783+00:00,4095
2025-02-01 16:31:27.398915+00:00,4095
2025-02-01 16:31:29.328449+00:00,4095
2025-02-01 16:31:31.107180+00:00,4095
2025-02-01 16:31:33.116922+00:00,4095
2025-02-01 16:31:35.265696+00:00,4095
2025-02-01 16:31:37.325190+00:00,4095
2025-02-01 16:31:39.354772+00:00,4095
2025-02-01 16:31:41.303755+00:00,4095
2025-02-01 16:31:43.257421+00:00,4095
2025-02-01 16:31:45.293783+00:00,3627
2025-02-01 16:31:47.143337+00:00,3184
2025-02-01 16:31:49.332280+00:00,2729
2025-02-01 16:31:51.340564+00:00,2192
2025-02-01 16:32:01.951412+00:00,4095
2025-02-01 16:32:02.271496+00:00,4095
2025-02-01 16:32:02.911132+00:00,4095
2025-02-01 16:32:04.590306+00:00,4095
2025-02-01 16:32:09.637649+00:00,4095
2025-02-01 16:32:09.693224+00:00,4095
2025-02-01 16:32:11.712542+00:00,4095
2025-02-01 16:32:13.863335+00:00,4095
2025-02-01 16:32:15.702762+00:00,4066
2025-02-01 16:32:17.686622+00:00,3911
2025-02-01 16:32:19.699316+00:00,3619
2025-02-01 16:32:21.851214+00:00,3453
2025-02-01 16:32:23.690990+00:00,3287
2025-02-01 16:32:25.838733+00:00,3071
2025-02-01 16:32:27.887952+00:00,2901
2025-02-01 16:32:29.837251+00:00,2741
2025-02-01 16:32:31.696603+00:00,2583
2025-02-01 16:32:33.826049+00:00,2467
2025-02-01 16:32:35.875940+00:00,2309
2025-02-01 16:32:37.699972+00:00,2091
2025-02-01 16:32:39.877134+00:00,1921
2025-02-01 16:32:41.724518+00:00,1576
2025-02-01 16:32:43.863902+00:00,1203
2025-02-01 16:32:45.723385+00:00,598
2025-02-01 16:32:47.861280+00:00,35
2025-02-01 16:32:49.699487+00:00,0
2025-02-01 16:32:51.850999+00:00,0
2025-02-01 16:32:53.698967+00:00,0
2025-02-01 16:32:56.000102+00:00,0
2025-02-01 16:32:57.697231+00:00,4095
2025-02-01 16:32:59.838390+00:00,4095
2025-02-01 16:33:01.886353+00:00,4095
2025-02-01 16:33:03.736884+00:00,4095
2025-02-01 16:33:05.884402+00:00,4095
2025-02-01 16:33:07.834407+00:00,1424
2025-02-01 16:33:09.874108+00:00,1742
2025-02-01 16:33:11.823672+00:00,2285
2025-02-01 16:33:13.872824+00:00,2955
2025-02-01 16:33:15.732360+00:00,3715
2025-02-01 16:33:17.680715+00:00,4095
2025-02-01 16:33:19.730408+00:00,4095
2025-02-01 16:33:21.679757+00:00,4095
2025-02-01 16:33:23.709288+00:00,4095
2025-02-01 16:33:25.848698+00:00,4095
2025-02-01 16:33:27.897446+00:00,4095
2025-02-01 16:33:29.864704+00:00,4095
2025-02-01 16:33:31.705070+00:00,4095
2025-02-01 16:33:33.716437+00:00,4095
2025-02-01 16:33:35.904226+00:00,4095
2025-02-01 16:33:37.724721+00:00,3786
2025-02-01 16:33:39.893568+00:00,3501
2025-02-01 16:33:41.724574+00:00,1423
2025-02-01 16:33:43.881903+00:00,3309
2025-02-01 16:33:45.706707+00:00,3085
2025-02-01 16:33:47.870081+00:00,4095
2025-02-01 16:33:49.724449+00:00,4095
2025-02-01 16:33:51.700916+00:00,4095
2025-02-01 16:33:53.708929+00:00,4095
2025-02-01 16:33:55.707121+00:00,4095
2025-02-01 16:33:57.697473+00:00,4095
2025-02-01 16:33:59.856511+00:00,4095
2025-02-01 16:34:01.905126+00:00,4095
2025-02-01 16:34:03.702566+00:00,4095
2025-02-01 16:34:05.894870+00:00,0
2025-02-01 16:34:07.843950+00:00,0
2025-02-01 16:34:09.886234+00:00,0
2025-02-01 16:34:11.744414+00:00,0
2025-02-01 16:34:13.678763+00:00,0
2025-02-01 16:34:15.731211+00:00,223
2025-02-01 16:34:17.692390+00:00,706
2025-02-01 16:34:19.719889+00:00,1227
2025-02-01 16:34:21.870312+00:00,1696
2025-02-01 16:34:23.709936+00:00,2247
2025-02-01 16:34:25.856768+00:00,2689
2025-02-01 16:34:27.708421+00:00,3213
2025-02-01 16:34:29.857405+00:00,3520
2025-02-01 16:34:31.706181+00:00,4059
2025-02-01 16:34:33.856163+00:00,4095
2025-02-01 16:34:35.903817+00:00,4095
2025-02-01 16:34:37.731816+00:00,4095
2025-02-01 16:34:39.893453+00:00,4095
2025-02-01 16:34:41.703498+00:00,4095
2025-02-01 16:34:43.703715+00:00,4095
2025-02-01 16:34:45.702453+00:00,3373
2025-02-01 16:34:47.880238+00:00,2865
2025-02-01 16:34:49.729300+00:00,2242
2025-02-01 16:34:51.878930+00:00,4095
2025-02-01 16:34:53.728399+00:00,4095
2025-02-01 16:34:55.866988+00:00,144
2025-02-01 16:34:57.708439+00:00,0
2025-02-01 16:34:59.876115+00:00,0
2025-02-01 16:35:01.706850+00:00,82
2025-02-01 16:35:03.717331+00:00,819
2025-02-01 16:35:05.903210+00:00,1847
2025-02-01 16:35:07.754120+00:00,4095
2025-02-01 16:35:09.913129+00:00,3519
2025-02-01 16:35:11.843254+00:00,4048
2025-02-01 16:35:13.913032+00:00,4095
2025-02-01 16:35:15.840770+00:00,4095
2025-02-01 16:35:17.891634+00:00,4095
2025-02-01 16:35:19.711571+00:00,4095
2025-02-01 16:35:21.709351+00:00,4095
2025-02-01 16:35:23.718629+00:00,3886
2025-02-01 16:35:25.707300+00:00,2736
2025-02-01 16:35:27.737059+00:00,4095
2025-02-01 16:35:29.865430+00:00,4095
2025-02-01 16:35:31.705198+00:00,48
2025-02-01 16:35:33.864642+00:00,0
2025-02-01 16:35:35.704828+00:00,4095
2025-02-01 16:35:37.692355+00:00,0
2025-02-01 16:35:39.913602+00:00,511
2025-02-01 16:35:41.861900+00:00,1661
2025-02-01 16:35:43.701054+00:00,2544
2025-02-01 16:35:45.751897+00:00,3418
2025-02-01 16:35:47.889087+00:00,4095
2025-02-01 16:35:49.709986+00:00,4095
2025-02-01 16:35:51.888500+00:00,4095
2025-02-01 16:35:53.948066+00:00,4095
2025-02-01 16:35:55.717980+00:00,4095
2025-02-01 16:35:57.750155+00:00,3751
2025-02-01 16:35:59.706313+00:00,4095
2025-02-01 16:36:01.724963+00:00,1531
2025-02-01 16:36:03.774294+00:00,486
2025-02-01 16:36:05.736854+00:00,4095
2025-02-01 16:36:07.873460+00:00,0
2025-02-01 16:36:09.910672+00:00,0
2025-02-01 16:36:11.872251+00:00,4095
2025-02-01 16:36:13.711354+00:00,4095
2025-02-01 16:36:15.861959+00:00,4095
2025-02-01 16:36:17.720025+00:00,4095
2025-02-01 16:36:19.769061+00:00,4095
2025-02-01 16:36:21.718444+00:00,4095
2025-02-01 16:36:23.737560+00:00,4095
2025-02-01 16:36:25.894418+00:00,4095
2025-02-01 16:36:27.717622+00:00,4095
2025-02-01 16:36:29.884444+00:00,3293
2025-02-01 16:36:31.747195+00:00,2147
2025-02-01 16:36:33.884243+00:00,1226
2025-02-01 16:36:35.723587+00:00,183
2025-02-01 16:36:37.853064+00:00,0
2025-02-01 16:36:39.712567+00:00,0
2025-02-01 16:36:41.900906+00:00,0
2025-02-01 16:36:43.701683+00:00,131
2025-02-01 16:36:45.849831+00:00,1182
2025-02-01 16:36:47.899244+00:00,2323
2025-02-01 16:36:49.878883+00:00,3119
2025-02-01 16:36:51.898245+00:00,3575
2025-02-01 16:36:53.735202+00:00,4030
2025-02-01 16:36:55.906862+00:00,4095
2025-02-01 16:36:57.736191+00:00,4095
2025-02-01 16:36:59.875059+00:00,4095
2025-02-01 16:37:01.735005+00:00,4095
2025-02-01 16:37:03.872461+00:00,4095
2025-02-01 16:37:05.713074+00:00,4095
2025-02-01 16:37:07.862271+00:00,4095
2025-02-01 16:37:09.702315+00:00,4095
2025-02-01 16:37:11.684000+00:00,3045
2025-02-01 16:37:13.700383+00:00,2193
2025-02-01 16:37:15.707262+00:00,1339
2025-02-01 16:37:17.898513+00:00,560
2025-02-01 16:37:19.687872+00:00,0
2025-02-01 16:37:21.896935+00:00,0
2025-02-01 16:37:23.842303+00:00,0
2025-02-01 16:37:25.904486+00:00,0
2025-02-01 16:37:27.736103+00:00,545
2025-02-01 16:37:29.875712+00:00,1610
2025-02-01 16:37:31.725168+00:00,2601
2025-02-01 16:37:33.875176+00:00,3241
2025-02-01 16:37:35.702799+00:00,3712
2025-02-01 16:37:37.861877+00:00,4095
2025-02-01 16:37:39.718809+00:00,4095
2025-02-01 16:37:41.872009+00:00,4095
2025-02-01 16:37:43.711985+00:00,4095
2025-02-01 16:37:45.859909+00:00,4095
2025-02-01 16:37:47.908394+00:00,3499
2025-02-01 16:37:49.858308+00:00,2358
2025-02-01 16:37:51.697253+00:00,1582
2025-02-01 16:37:53.856286+00:00,894
2025-02-01 16:37:56.085756+00:00,298
2025-02-01 16:37:57.745803+00:00,0
2025-02-01 16:37:59.884580+00:00,0
2025-02-01 16:38:01.702533+00:00,0
2025-02-01 16:38:03.883217+00:00,0
2025-02-01 16:38:05.696132+00:00,0
2025-02-01 16:38:07.884245+00:00,0
2025-02-01 16:38:09.759906+00:00,0
2025-02-01 16:38:11.881322+00:00,0
2025-02-01 16:38:13.710262+00:00,0
2025-02-01 16:38:15.859008+00:00,0
2025-02-01 16:38:17.907862+00:00,0
2025-02-01 16:38:19.848649+00:00,0
2025-02-01 16:38:21.697153+00:00,0
2025-02-01 16:38:23.846597+00:00,0
2025-02-01 16:38:25.896503+00:00,84
2025-02-01 16:38:27.834595+00:00,4095
2025-02-01 16:38:29.886280+00:00,294
2025-02-01 16:38:31.834388+00:00,491
2025-02-01 16:38:33.793895+00:00,730
2025-02-01 16:38:35.732409+00:00,1168
2025-02-01 16:38:37.693625+00:00,1731
2025-02-01 16:38:39.720646+00:00,2323
2025-02-01 16:38:41.870450+00:00,2980
2025-02-01 16:38:43.719805+00:00,3450
2025-02-01 16:38:45.879241+00:00,3906
2025-02-01 16:38:47.729288+00:00,4095
2025-02-01 16:38:49.880861+00:00,4095
2025-02-01 16:38:51.728678+00:00,4095
2025-02-01 16:38:53.866247+00:00,4095
2025-02-01 16:38:55.706132+00:00,4095
2025-02-01 16:38:57.855698+00:00,4095
2025-02-01 16:38:59.894741+00:00,4095
2025-02-01 16:39:01.754524+00:00,4095
2025-02-01 16:39:03.983032+00:00,4095
2025-02-01 16:39:05.732527+00:00,4095
2025-02-01 16:39:07.882049+00:00,4095
2025-02-01 16:39:09.731595+00:00,4032
2025-02-01 16:39:11.692610+00:00,3473
2025-02-01 16:39:13.691500+00:00,2991
2025-02-01 16:39:15.679724+00:00,2621
2025-02-01 16:39:17.829268+00:00,2115
2025-02-01 16:39:19.700341+00:00,1646
2025-02-01 16:39:21.695858+00:00,1293
2025-02-01 16:39:23.681691+00:00,861
2025-02-01 16:39:25.895598+00:00,357
2025-02-01 16:39:27.683792+00:00,51
2025-02-01 16:39:29.694080+00:00,0
2025-02-01 16:39:31.833776+00:00,0
2025-02-01 16:39:33.691994+00:00,0
2025-02-01 16:39:35.842780+00:00,0
2025-02-01 16:39:37.692482+00:00,0
2025-02-01 16:39:39.691762+00:00,0
2025-02-01 16:39:41.689525+00:00,482
2025-02-01 16:39:43.719535+00:00,1437
2025-02-01 16:39:45.679970+00:00,2549
2025-02-01 16:39:47.729044+00:00,3376
2025-02-01 16:39:49.857077+00:00,4095
2025-02-01 16:39:51.696783+00:00,4095
2025-02-01 16:39:53.865288+00:00,4095
2025-02-01 16:39:55.716442+00:00,4095
2025-02-01 16:39:57.755310+00:00,4095
2025-02-01 16:39:59.767641+00:00,2966
2025-02-01 16:40:01.853113+00:00,1968
2025-02-01 16:40:03.893069+00:00,860
2025-02-01 16:40:05.841256+00:00,2
2025-02-01 16:40:07.891254+00:00,0
2025-02-01 16:40:09.740626+00:00,0
2025-02-01 16:40:11.889911+00:00,272
2025-02-01 16:40:13.729766+00:00,1702
2025-02-01 16:40:15.898891+00:00,2841
2025-02-01 16:40:17.731189+00:00,3557
2025-02-01 16:40:19.867809+00:00,4095
2025-02-01 16:40:21.716465+00:00,4095
2025-02-01 16:40:23.697829+00:00,4095
2025-02-01 16:40:25.706090+00:00,4095
2025-02-01 16:40:27.863744+00:00,4095
2025-02-01 16:40:29.703626+00:00,4095
2025-02-01 16:40:31.706011+00:00,4095
2025-02-01 16:40:33.901784+00:00,3552
2025-02-01 16:40:35.854383+00:00,2865
2025-02-01 16:40:37.900936+00:00,2239
2025-02-01 16:40:39.840676+00:00,1649
2025-02-01 16:40:41.899773+00:00,1169
2025-02-01 16:40:43.729286+00:00,701
2025-02-01 16:40:45.878797+00:00,318
2025-02-01 16:40:47.738817+00:00,48
2025-02-01 16:40:49.879423+00:00,0
2025-02-01 16:40:51.713309+00:00,0
2025-02-01 16:40:53.927114+00:00,0
2025-02-01 16:40:55.715746+00:00,0
2025-02-01 16:40:57.874347+00:00,0
2025-02-01 16:40:59.704061+00:00,0
2025-02-01 16:41:01.851406+00:00,0
2025-02-01 16:41:03.721717+00:00,38
2025-02-01 16:41:05.851420+00:00,464
2025-02-01 16:41:07.890694+00:00,971
2025-02-01 16:41:09.838980+00:00,1663
2025-02-01 16:41:11.888295+00:00,2261
2025-02-01 16:41:13.849421+00:00,2883
2025-02-01 16:41:15.897988+00:00,3376
2025-02-01 16:41:17.727045+00:00,3958
2025-02-01 16:41:19.886376+00:00,4095
2025-02-01 16:41:21.706962+00:00,4095
2025-02-01 16:41:23.873689+00:00,4095
2025-02-01 16:41:25.703957+00:00,4095
2025-02-01 16:41:27.883938+00:00,4095
2025-02-01 17:01:46.188104+00:00,4095
2025-02-01 17:01:46.203677+00:00,4095
2025-02-01 17:01:46.213594+00:00,4095
2025-02-01 17:01:46.228973+00:00,4095
2025-02-01 17:01:46.245192+00:00,4095
2025-02-01 17:01:46.260303+00:00,4095
2025-02-01 17:01:46.274472+00:00,4095
2025-02-01 17:01:46.288344+00:00,4095
2025-02-01 17:01:46.303417+00:00,4095
2025-02-01 17:01:46.318599+00:00,4095
2025-02-01 17:01:46.334097+00:00,4095
2025-02-01 17:02:16.679368+00:00,4095
2025-02-01 17:02:16.697205+00:00,4095
2025-02-01 17:02:16.713871+00:00,4095
2025-02-01 17:02:16.730439+00:00,4095
2025-02-01 17:02:16.747322+00:00,4095
2025-02-01 17:02:16.763892+00:00,4095
2025-02-01 17:02:16.780462+00:00,4095
2025-02-01 17:02:16.796885+00:00,4095
2025-02-01 17:02:16.812933+00:00,4095
2025-02-01 17:02:16.828892+00:00,4095
2025-02-01 17:02:16.845640+00:00,4095
2025-02-01 17:02:29.858567+00:00,2211
2025-02-01 17:02:31.681189+00:00,4095
2025-02-01 17:02:31.698614+00:00,4095
2025-02-01 17:02:31.714942+00:00,4095
2025-02-01 17:02:31.731137+00:00,4095
2025-02-01 17:02:31.746254+00:00,4095
2025-02-01 17:02:31.762740+00:00,4095
2025-02-01 17:02:31.778554+00:00,4095
2025-02-01 17:02:31.793766+00:00,4095
2025-02-01 17:02:31.810320+00:00,4095
2025-02-01 17:02:31.827702+00:00,4095
2025-02-01 17:02:31.842262+00:00,4095
2025-02-01 17:02:34.726476+00:00,2219
2025-02-01 17:02:39.896019+00:00,2891
2025-02-01 17:02:44.737456+00:00,4095
2025-02-01 17:02:49.732260+00:00,2449
2025-02-01 17:02:54.751054+00:00,2226
2025-02-01 17:04:09.318599+00:00,2248
2025-02-01 17:04:14.314034+00:00,2239
2025-02-01 17:04:19.431376+00:00,2242
2025-02-01 17:04:24.319098+00:00,2232
2025-02-01 17:04:47.480536+00:00,2245
2025-02-01 17:04:52.210546+00:00,2246
2025-02-01 17:05:00.269105+00:00,2245
2025-02-01 17:05:02.226856+00:00,3744
2025-02-01 17:05:07.358455+00:00,4095
2025-02-01 17:05:12.216315+00:00,4095
2025-02-01 17:05:17.219942+00:00,2709
2025-02-01 17:05:22.422172+00:00,2635
2025-02-01 17:05:27.218794+00:00,2736
2025-02-01 17:05:32.235629+00:00,2243
2025-02-01 17:05:37.362104+00:00,2215
2025-02-01 17:05:42.313269+00:00,2234
2025-02-01 17:05:47.223183+00:00,2241
2025-02-01 17:05:52.398075+00:00,2240
2025-02-01 17:05:57.237561+00:00,2242
2025-02-01 17:06:02.245366+00:00,2242
2025-02-01 17:06:07.234580+00:00,2241
2025-02-01 17:06:12.412812+00:00,2244
2025-02-01 17:06:17.426958+00:00,2242
2025-02-01 17:06:22.418092+00:00,2229
2025-02-01 17:06:27.248961+00:00,2206
2025-02-01 17:06:32.219732+00:00,2203
2025-02-01 17:06:37.227865+00:00,2199
2025-02-01 17:06:42.272880+00:00,2203
2025-02-01 17:06:47.209511+00:00,2216
2025-02-01 17:06:52.241346+00:00,2228
2025-02-01 17:06:57.223649+00:00,2240
2025-02-01 17:07:02.214239+00:00,2239
2025-02-01 17:07:07.227571+00:00,2239
2025-02-01 17:07:12.222841+00:00,2239
2025-02-01 17:07:17.206042+00:00,2239
2025-02-01 17:07:22.215810+00:00,2235
2025-02-01 17:07:27.526851+00:00,2235
2025-02-01 17:07:32.266710+00:00,2234
2025-02-01 17:07:37.374179+00:00,2233
2025-02-01 17:07:42.289733+00:00,2237
2025-02-01 17:07:47.416731+00:00,2234
2025-02-01 17:07:52.424946+00:00,2237
2025-02-01 17:07:57.259994+00:00,2239
2025-02-01 17:08:02.351583+00:00,2685
2025-02-01 17:08:07.481583+00:00,4095
2025-02-01 17:08:12.511388+00:00,4094
2025-02-01 17:08:17.529842+00:00,2718
2025-02-01 17:08:22.246592+00:00,2211
2025-02-01 17:08:27.275525+00:00,2245
2025-02-01 17:08:32.304039+00:00,2238
2025-02-01 17:08:37.411477+00:00,2224
2025-02-01 17:08:42.340209+00:00,2203
2025-02-01 17:08:47.445515+00:00,2205
2025-02-01 17:08:52.476302+00:00,2238
2025-02-01 17:08:57.255201+00:00,2239
2025-02-01 17:10:12.921533+00:00,1983
2025-02-01 17:10:17.937287+00:00,1958
2025-02-01 17:10:23.066024+00:00,1994
2025-02-01 17:10:28.063814+00:00,4014
2025-02-01 17:10:33.081000+00:00,4094
2025-02-01 17:10:38.100034+00:00,2633
2025-02-01 17:10:43.127795+00:00,1961
2025-02-01 17:10:47.936637+00:00,1956
2025-02-01 17:10:53.056479+00:00,3482
2025-02-01 17:10:58.073969+00:00,1957
2025-02-01 17:11:03.092302+00:00,3876
2025-02-01 17:11:25.513346+00:00,3428
2025-02-01 17:11:30.530985+00:00,4095
2025-02-01 17:11:35.361107+00:00,4095
2025-02-01 17:11:40.368272+00:00,2627
2025-02-01 17:11:45.486929+00:00,2379
2025-02-01 17:11:50.515983+00:00,1904
2025-02-01 17:11:55.544430+00:00,2515
2025-02-01 17:12:00.541699+00:00,4094
2025-02-01 17:12:05.336788+00:00,4095
2025-02-01 17:12:10.478466+00:00,4095
2025-02-01 17:12:15.426656+00:00,2942
2025-02-01 17:12:20.425912+00:00,894
2025-02-01 17:12:25.362460+00:00,894
2025-02-01 17:12:30.562356+00:00,3016
2025-02-01 17:12:35.368449+00:00,2074
2025-02-01 17:12:40.377167+00:00,808
2025-02-01 17:12:45.378300+00:00,2062
2025-02-01 17:12:50.374405+00:00,1985
2025-02-01 17:12:55.442058+00:00,1816
2025-02-01 17:13:00.364266+00:00,2187
2025-02-01 17:13:05.348750+00:00,4095
2025-02-01 17:13:10.499274+00:00,4095
2025-02-01 17:13:15.505431+00:00,2547
2025-02-01 17:13:20.434478+00:00,1785
2025-02-01 17:13:25.359951+00:00,1773
2025-02-01 17:13:30.377998+00:00,1665
2025-02-01 17:13:35.409678+00:00,1708
2025-02-01 17:13:45.708648+00:00,1709
2025-02-01 17:13:45.865276+00:00,3567
2025-02-01 17:13:50.562760+00:00,1730
2025-02-01 17:13:55.550804+00:00,1705
2025-02-01 17:14:00.642263+00:00,1690
2025-02-01 17:14:05.578383+00:00,1685
2025-02-01 17:14:10.578721+00:00,1684
2025-02-01 17:14:15.726396+00:00,1683
2025-02-01 17:14:20.923164+00:00,1672
2025-02-01 17:14:25.553759+00:00,1724
2025-02-01 17:14:30.580334+00:00,1709
2025-02-01 17:14:35.549912+00:00,1679
2025-02-01 17:14:40.548285+00:00,1673
2025-02-01 17:14:45.579791+00:00,1675
2025-02-01 17:14:50.730841+00:00,1673
2025-02-01 17:14:55.551689+00:00,1681
2025-02-01 17:15:00.580817+00:00,1675
2025-02-01 17:15:05.698377+00:00,1677
2025-02-01 17:15:10.554621+00:00,1679
2025-02-01 17:15:15.735200+00:00,1673
2025-02-01 17:15:20.549770+00:00,1680
2025-02-01 17:17:44.976228+00:00,2283
2025-02-01 17:17:49.974269+00:00,2282
2025-02-01 17:17:54.782572+00:00,2279
2025-02-01 17:17:59.853865+00:00,2275
2025-02-01 17:18:05.016453+00:00,2281
2025-02-01 17:18:09.938829+00:00,2496
2025-02-01 17:18:15.056069+00:00,4095
2025-02-01 17:18:19.785024+00:00,2693
2025-02-01 17:18:24.791193+00:00,2552
2025-02-01 17:18:29.921228+00:00,4095
2025-02-01 17:18:34.927760+00:00,2470
2025-02-01 17:18:39.955123+00:00,2292
2025-02-01 17:18:45.065339+00:00,2292
2025-02-01 17:18:49.782987+00:00,2295
2025-02-01 17:18:54.761448+00:00,2294
2025-02-01 17:18:59.762512+00:00,2295
2025-02-01 17:19:04.928298+00:00,2293
2025-02-01 17:19:09.772994+00:00,2293
2025-02-01 17:19:14.763371+00:00,2292
2025-02-01 17:19:19.881843+00:00,2278
2025-02-01 17:19:24.900399+00:00,2282
2025-02-01 17:19:29.930938+00:00,2281
2025-02-01 17:19:34.934565+00:00,2294
2025-02-01 17:19:39.764915+00:00,2290
2025-02-01 17:19:45.074302+00:00,2283
2025-02-01 17:19:49.890878+00:00,2283
2025-02-01 17:19:54.899671+00:00,2283
2025-02-01 17:19:59.754542+00:00,4095
2025-02-01 17:20:04.934972+00:00,3345
2025-02-01 17:20:09.984187+00:00,2267
2025-02-01 17:20:14.795808+00:00,2265
2025-02-01 17:20:19.802045+00:00,2284
2025-02-01 17:20:24.781460+00:00,2281
2025-02-01 17:20:29.953014+00:00,2279
2025-02-01 17:20:34.975355+00:00,3276
2025-02-01 17:20:39.960594+00:00,2694
2025-02-01 17:20:44.895359+00:00,2268
2025-02-01 17:20:49.806240+00:00,2480
2025-02-01 17:20:54.950523+00:00,4095
2025-02-01 17:21:09.973820+00:00,2485
2025-02-01 17:21:24.927105+00:00,2659
2025-02-01 17:21:39.792653+00:00,3250
2025-02-01 17:21:54.915771+00:00,3772
2025-02-01 17:22:09.781848+00:00,4095
2025-02-01 17:22:24.936066+00:00,2377
2025-02-01 17:22:39.811738+00:00,2288
2025-02-01 17:22:54.771399+00:00,2282
2025-02-01 17:23:09.809971+00:00,2281
2025-02-01 18:13:30.312002+00:00,4095
2025-02-01 18:13:30.335639+00:00,4095
2025-02-01 18:13:30.343851+00:00,4095
2025-02-01 18:13:30.354066+00:00,4095
2025-02-01 18:13:30.370574+00:00,4095
2025-02-01 18:13:30.386083+00:00,4095
2025-02-01 18:13:30.402144+00:00,4095
2025-02-01 18:13:30.416736+00:00,4095
2025-02-01 18:13:30.432295+00:00,4095
2025-02-01 18:13:30.447542+00:00,4095
2025-02-01 18:13:30.462821+00:00,4095
2025-02-01 18:14:42.543935+00:00,4095
2025-02-01 18:14:42.559703+00:00,4095
2025-02-01 18:14:42.575310+00:00,4095
2025-02-01 18:14:42.589660+00:00,4095
2025-02-01 18:14:42.636115+00:00,4095
2025-02-01 18:14:42.651612+00:00,4095
2025-02-01 18:14:42.665616+00:00,4095
2025-02-01 18:14:42.681210+00:00,4095
2025-02-01 18:14:42.696597+00:00,4095
2025-02-01 18:14:42.710292+00:00,4095
2025-02-01 18:14:42.725522+00:00,4095
2025-02-01 18:15:06.944168+00:00,2000
2025-02-01 18:15:06.984424+00:00,2000
2025-02-01 18:15:07.004674+00:00,2000
2025-02-01 18:15:07.012808+00:00,2000
2025-02-01 18:15:07.028337+00:00,2000
2025-02-01 18:15:07.043344+00:00,2000
2025-02-01 18:15:07.057561+00:00,2000
2025-02-01 18:15:07.072111+00:00,2000
2025-02-01 18:15:07.087304+00:00,2000
2025-02-01 18:15:07.102886+00:00,2000
2025-02-01 18:15:07.118181+00:00,2000
2025-02-01 18:19:35.044356+00:00,4095
2025-02-01 18:19:35.059574+00:00,4095
2025-02-01 18:19:35.072847+00:00,4095
2025-02-01 18:19:35.088770+00:00,4095
2025-02-01 18:19:35.103361+00:00,4095
2025-02-01 18:19:35.120445+00:00,4095
2025-02-01 18:19:35.136625+00:00,4095
2025-02-01 18:19:35.151718+00:00,4095
2025-02-01 18:19:35.168153+00:00,4095
2025-02-01 18:19:35.182458+00:00,4095
2025-02-01 18:19:35.196921+00:00,4095
2025-02-01 18:23:27.918553+00:00,20
2025-02-01 18:23:27.934972+00:00,20
2025-02-01 18:23:27.950754+00:00,20
2025-02-01 18:23:27.966620+00:00,20
2025-02-01 18:23:27.982849+00:00,20
2025-02-01 18:23:27.998294+00:00,20
2025-02-01 18:23:28.012467+00:00,20
2025-02-01 18:23:28.027807+00:00,20
2025-02-01 18:23:28.044011+00:00,20
2025-02-01 18:23:28.056939+00:00,20
2025-02-01 18:23:28.072381+00:00,20
2025-02-01 18:24:25.308413+00:00,4095
2025-02-01 18:24:25.326281+00:00,4095
2025-02-01 18:24:25.340015+00:00,4095
2025-02-01 18:24:25.358778+00:00,4095
2025-02-01 18:24:25.373018+00:00,4095
2025-02-01 18:24:25.386894+00:00,4095
2025-02-01 18:24:25.402434+00:00,4095
2025-02-01 18:24:25.418516+00:00,4095
2025-02-01 18:24:25.434569+00:00,4095
2025-02-01 18:24:25.450344+00:00,4095
2025-02-01 18:24:25.466229+00:00,4095
2025-02-01 18:24:36.971594+00:00,200
2025-02-01 18:24:36.986079+00:00,200
2025-02-01 18:24:37.004577+00:00,200
2025-02-01 18:24:37.020095+00:00,200
2025-02-01 18:24:37.034524+00:00,200
2025-02-01 18:24:37.051223+00:00,200
2025-02-01 18:24:37.067570+00:00,200
2025-02-01 18:24:37.083075+00:00,200
2025-02-01 18:24:37.098824+00:00,200
2025-02-01 18:24:37.114570+00:00,200
2025-02-01 18:24:37.130750+00:00,200
2025-02-01 20:32:50.073749+00:00,447
2025-02-01 20:32:55.541319+00:00,62
2025-02-01 20:33:00.185326+00:00,55
2025-02-01 20:33:05.360770+00:00,49
2025-02-01 20:33:10.001595+00:00,46
2025-02-01 20:33:15.019708+00:00,53
2025-02-01 20:33:23.086137+00:00,71
2025-02-01 20:33:25.026384+00:00,48
2025-02-01 20:33:29.980278+00:00,47
2025-02-01 20:33:35.169795+00:00,34
2025-02-01 20:33:40.003227+00:00,29
2025-02-01 20:33:45.006697+00:00,40
2025-02-01 20:33:50.043767+00:00,47
2025-02-01 20:33:55.034899+00:00,46
2025-02-01 20:34:00.007953+00:00,45
2025-02-01 20:34:05.008739+00:00,44
2025-02-01 20:34:10.026363+00:00,41
2025-02-01 20:35:27.534079+00:00,2184
2025-02-01 20:35:32.399941+00:00,2159
2025-02-01 20:35:37.419302+00:00,3572
2025-02-01 20:35:42.527806+00:00,4094
2025-02-01 20:35:47.593983+00:00,4094
2025-02-01 20:35:52.419301+00:00,2472
2025-02-01 20:35:57.651259+00:00,2184
2025-02-01 20:36:02.407017+00:00,2821
2025-02-01 20:36:07.558443+00:00,4094
2025-02-01 20:36:12.593937+00:00,4094
2025-02-01 20:36:17.613477+00:00,4095
2025-02-01 20:36:22.429884+00:00,4094
2025-02-01 20:36:27.438062+00:00,4095
2025-02-01 20:36:32.557331+00:00,4094
2025-02-01 20:36:37.565676+00:00,4095
2025-02-01 20:36:42.393937+00:00,4095
2025-02-01 20:36:47.604978+00:00,4095
2025-02-01 20:36:52.399107+00:00,4094
2025-02-01 20:36:57.438260+00:00,4094
2025-02-01 20:37:02.557309+00:00,4095
2025-02-01 20:37:07.602449+00:00,2814
2025-02-01 20:37:12.514853+00:00,2180
2025-02-01 20:37:17.420097+00:00,2179
2025-02-01 20:37:22.414826+00:00,2178
2025-02-01 20:37:27.446471+00:00,2179
2025-02-01 20:37:32.424179+00:00,2178
2025-02-01 20:40:58.943721+00:00,200
2025-02-01 20:40:58.961657+00:00,200
2025-02-01 20:40:58.977530+00:00,200
2025-02-01 20:40:58.993550+00:00,200
2025-02-01 20:40:59.009667+00:00,200
2025-02-01 20:40:59.025586+00:00,200
2025-02-01 20:40:59.041422+00:00,200
2025-02-01 20:40:59.058158+00:00,200
2025-02-01 20:40:59.073939+00:00,200
2025-02-01 20:40:59.089963+00:00,200
2025-02-01 20:40:59.104691+00:00,200
2025-02-01 20:41:09.874262+00:00,4095
2025-02-01 20:41:09.892237+00:00,4095
2025-02-01 20:41:09.907840+00:00,4095
2025-02-01 20:41:09.921241+00:00,4095
2025-02-01 20:41:09.936366+00:00,4095
2025-02-01 20:41:09.952103+00:00,4095
2025-02-01 20:41:09.967123+00:00,4095
2025-02-01 20:41:09.983057+00:00,4095
2025-02-01 20:41:09.998599+00:00,4095
2025-02-01 20:41:10.014465+00:00,4095
2025-02-01 20:41:10.029775+00:00,4095
2025-02-01 20:42:03.880895+00:00,200
2025-02-01 20:42:03.898352+00:00,200
2025-02-01 20:42:03.914261+00:00,200
2025-02-01 20:42:03.928139+00:00,200
2025-02-01 20:42:03.944703+00:00,200
2025-02-01 20:42:03.960151+00:00,200
2025-02-01 20:42:03.999069+00:00,200
2025-02-01 20:42:04.012600+00:00,200
2025-02-01 20:42:04.028690+00:00,200
2025-02-01 20:42:04.044062+00:00,200
2025-02-01 20:42:04.058207+00:00,200
2025-02-01 22:10:29.070514+00:00,2000
2025-02-01 22:12:21.698555+00:00,2000
2025-02-01 22:13:21.685352+00:00,2000
2025-02-01 22:14:21.706280+00:00,2000
2025-02-01 22:15:21.731461+00:00,2000
2025-02-01 22:16:21.753151+00:00,2000
2025-02-01 22:17:21.794681+00:00,2000
2025-02-01 22:18:21.787889+00:00,2000
2025-02-01 22:19:21.808162+00:00,2000
2025-02-01 22:20:21.827111+00:00,2000
2025-02-01 22:21:21.843434+00:00,2000
2025-02-01 22:22:21.861704+00:00,2000
2025-02-01 22:23:21.927918+00:00,2000
2025-02-01 22:24:21.920769+00:00,2000
2025-02-01 22:25:21.931699+00:00,2000
2025-02-01 22:26:21.947022+00:00,2000
2025-02-01 22:27:21.963777+00:00,2000
2025-02-01 22:28:22.008357+00:00,2000
2025-02-01 22:29:22.031451+00:00,2000
2025-02-01 22:30:22.017756+00:00,2000
2025-02-01 22:31:22.027106+00:00,2000
2025-02-01 22:32:22.036717+00:00,2000
2025-02-01 22:33:22.046774+00:00,2000
2025-02-01 22:34:22.062008+00:00,2000
2025-02-01 22:35:22.076540+00:00,2000
2025-02-01 22:36:22.090029+00:00,2000
2025-02-01 22:37:22.108429+00:00,2000
2025-02-01 22:38:22.119862+00:00,2000
2025-02-01 22:39:22.137221+00:00,2000
2025-02-01 22:40:22.152694+00:00,2000
2025-02-01 22:41:22.163562+00:00,2000
2025-02-01 22:42:22.179387+00:00,2000
2025-02-01 22:43:22.193661+00:00,2000
2025-02-01 22:44:22.203627+00:00,2000
2025-02-01 22:45:22.221419+00:00,2000
2025-02-01 22:46:22.224768+00:00,2000
2025-02-01 22:47:22.242814+00:00,2000
2025-02-01 22:48:22.269515+00:00,2000
2025-02-01 22:49:22.279548+00:00,2000
2025-02-01 22:50:22.300073+00:00,2000
2025-02-01 22:51:22.313712+00:00,2000
2025-02-01 22:52:22.321911+00:00,2000
2025-02-01 22:53:22.337718+00:00,2000
2025-02-01 22:54:22.358830+00:00,2000
2025-02-01 22:55:22.373308+00:00,2000
2025-02-01 22:56:22.391568+00:00,2000
2025-02-01 22:57:22.401777+00:00,2000
2025-02-01 22:58:22.420998+00:00,2000
2025-02-01 22:59:22.438153+00:00,2000
2025-02-01 23:00:22.454005+00:00,2000
2025-02-01 23:01:22.472614+00:00,2000
2025-02-01 23:02:22.488271+00:00,2000
2025-02-01 23:03:22.510472+00:00,2000
2025-02-01 23:04:22.527252+00:00,2000
2025-02-01 23:05:22.545820+00:00,2000
2025-02-01 23:06:22.560531+00:00,2000
2025-02-01 23:07:22.575169+00:00,2000
2025-02-01 23:08:22.599954+00:00,2000
2025-02-01 23:09:22.619868+00:00,2000
2025-02-01 23:10:22.637459+00:00,2000
2025-02-01 23:11:22.651162+00:00,2000
2025-02-01 23:12:22.662681+00:00,4095
2025-02-01 23:13:22.674979+00:00,4095
2025-02-01 23:14:22.691641+00:00,4095
2025-02-01 23:15:22.710663+00:00,4095
2025-02-01 23:16:22.725168+00:00,4095
2025-02-01 23:17:22.740279+00:00,4095
2025-02-01 23:18:22.759106+00:00,4095
2025-02-01 23:19:22.776180+00:00,4095
2025-02-01 23:20:22.791068+00:00,4095
2025-02-01 23:21:22.803921+00:00,4095
2025-02-01 23:22:22.813813+00:00,4095
2025-02-01 23:23:22.825827+00:00,4095
2025-02-01 23:24:22.832626+00:00,4095
2025-02-01 23:25:22.844326+00:00,4095
2025-02-01 23:26:22.855132+00:00,4095
2025-02-01 23:27:22.864844+00:00,4095
2025-02-01 23:28:22.885161+00:00,4095
2025-02-01 23:29:22.900816+00:00,4095
2025-02-01 23:30:22.913437+00:00,4095
2025-02-01 23:31:22.923006+00:00,4095
2025-02-01 23:32:22.933724+00:00,4095
2025-02-01 23:33:22.944378+00:00,4095
2025-02-01 23:34:22.951655+00:00,4095
2025-02-01 23:35:22.968602+00:00,4095
2025-02-01 23:36:22.985449+00:00,4095
2025-02-01 23:37:22.995018+00:00,4095
2025-02-01 23:38:23.001785+00:00,4095
2025-02-01 23:39:23.073295+00:00,4095
2025-02-01 23:40:23.101854+00:00,4095
2025-02-01 23:41:23.118088+00:00,4095
2025-02-01 23:42:23.124371+00:00,4095
2025-02-01 23:43:23.147958+00:00,4095
2025-02-01 23:44:23.156384+00:00,4095
2025-02-01 23:45:23.167948+00:00,4095
2025-02-01 23:46:23.180456+00:00,4095
2025-02-01 23:47:23.192594+00:00,4095
2025-02-01 23:48:23.212979+00:00,4095
2025-02-01 23:49:23.230040+00:00,4095
2025-02-01 23:50:23.245731+00:00,4095
2025-02-01 23:51:23.256299+00:00,4095
2025-02-01 23:52:23.270316+00:00,4095
2025-02-01 23:53:23.279541+00:00,4095
2025-02-01 23:54:23.297747+00:00,4095
2025-02-01 23:55:23.321995+00:00,4095
2025-02-01 23:56:23.343905+00:00,4095
2025-02-01 23:57:23.358986+00:00,4095
2025-02-01 23:58:23.381382+00:00,4095
2025-02-01 23:59:23.389713+00:00,4095
2025-02-02 00:00:23.406182+00:00,4095
2025-02-02 00:01:23.425291+00:00,4095
2025-02-02 00:02:23.411397+00:00,4095
2025-02-02 00:03:23.421231+00:00,4095
2025-02-02 00:04:23.437052+00:00,4095
2025-02-02 00:05:23.442932+00:00,4095
2025-02-02 00:06:23.456378+00:00,4095
2025-02-02 00:07:23.462552+00:00,4095
2025-02-02 00:08:23.475827+00:00,4095
2025-02-02 00:09:23.497469+00:00,4095
2025-02-02 00:10:23.510624+00:00,4095
2025-02-02 00:11:23.522459+00:00,4095
2025-02-02 00:12:23.535888+00:00,2000
2025-02-02 00:13:23.558115+00:00,2000
2025-02-02 00:14:23.567234+00:00,2000
2025-02-02 00:15:23.575272+00:00,2000
2025-02-02 00:16:23.582188+00:00,2000
2025-02-02 00:17:23.594786+00:00,2000
2025-02-02 00:18:23.610825+00:00,2000
2025-02-02 00:19:23.624360+00:00,2000
2025-02-02 00:20:23.633816+00:00,2000
2025-02-02 00:21:23.645529+00:00,2000
2025-02-02 00:22:23.656729+00:00,2000
2025-02-02 00:23:23.675559+00:00,2000
2025-02-02 00:24:23.709827+00:00,2000
2025-02-02 00:25:23.715522+00:00,2000
2025-02-02 00:26:23.724477+00:00,2000
2025-02-02 00:27:23.738185+00:00,2000
2025-02-02 00:28:23.751329+00:00,2000
2025-02-02 00:29:23.764952+00:00,2000
2025-02-02 00:30:23.782263+00:00,2000
2025-02-02 00:31:23.817011+00:00,2000
2025-02-02 00:32:23.846836+00:00,2000
2025-02-02 00:33:23.859713+00:00,2000
2025-02-02 00:34:23.876213+00:00,2000
2025-02-02 00:35:23.894331+00:00,2000
2025-02-02 00:36:23.914284+00:00,2000
2025-02-02 00:37:23.931820+00:00,2000
2025-02-02 00:38:23.951946+00:00,2000
2025-02-02 00:39:23.961109+00:00,2000
2025-02-02 00:40:23.966728+00:00,2000
2025-02-02 00:41:23.986425+00:00,2000
2025-02-02 00:42:23.999384+00:00,2000
2025-02-02 00:43:24.014801+00:00,2000
2025-02-02 00:44:24.027820+00:00,2000
2025-02-02 00:45:24.040910+00:00,2000
2025-02-02 00:46:24.054446+00:00,2000
2025-02-02 00:47:24.069916+00:00,2000
2025-02-02 00:48:24.080357+00:00,2000
2025-02-02 00:49:24.099671+00:00,2000
2025-02-02 00:50:24.113447+00:00,2000
2025-02-02 00:51:24.126740+00:00,2000
2025-02-02 00:52:24.140639+00:00,2000
2025-02-02 00:53:24.151463+00:00,2000
2025-02-02 00:54:24.160963+00:00,2000
2025-02-02 00:55:24.180197+00:00,2000
2025-02-02 00:56:24.193908+00:00,2000
2025-02-02 00:57:24.207614+00:00,2000
2025-02-02 00:58:24.222108+00:00,2000
2025-02-02 00:59:24.227516+00:00,2000
2025-02-02 01:00:24.240787+00:00,2000
2025-02-02 01:01:24.261238+00:00,2000
2025-02-02 01:02:24.279428+00:00,2000
2025-02-02 01:03:24.300342+00:00,2000
2025-02-02 01:04:24.319770+00:00,2000
2025-02-02 01:05:24.337067+00:00,2000
2025-02-02 01:06:24.362311+00:00,2000
2025-02-02 01:07:24.377838+00:00,2000
2025-02-02 01:08:24.389544+00:00,2000
2025-02-02 01:09:24.401619+00:00,2000
2025-02-02 01:10:24.409600+00:00,2000
2025-02-02 01:11:24.417247+00:00,2000
2025-02-02 01:12:24.433551+00:00,4095
2025-02-02 01:13:24.448053+00:00,4095
2025-02-02 01:14:24.462578+00:00,4095
2025-02-02 01:15:24.477325+00:00,4095
2025-02-02 01:16:24.485601+00:00,4095
2025-02-02 01:17:24.495524+00:00,4095
2025-02-02 01:18:24.507477+00:00,4095
2025-02-02 01:19:24.520460+00:00,4095
2025-02-02 01:20:24.531420+00:00,4095
2025-02-02 01:21:24.546831+00:00,4095
2025-02-02 01:22:24.561365+00:00,4095
2025-02-02 01:23:24.571599+00:00,4095
2025-02-02 01:24:24.586369+00:00,4095
2025-02-02 01:25:24.602501+00:00,4095
2025-02-02 01:26:24.618903+00:00,4095
2025-02-02 01:27:24.637220+00:00,4095
2025-02-02 01:28:24.669068+00:00,4095
2025-02-02 01:29:24.684420+00:00,4095
2025-02-02 01:30:24.673561+00:00,4095
2025-02-02 01:31:24.680709+00:00,4095
2025-02-02 01:32:24.692861+00:00,4095
2025-02-02 01:33:24.701489+00:00,4095
2025-02-02 01:34:24.721494+00:00,4095
2025-02-02 01:35:24.729406+00:00,4095
2025-02-02 01:36:24.735738+00:00,4095
2025-02-02 01:37:24.748200+00:00,4095
2025-02-02 01:38:24.758864+00:00,4095
2025-02-02 01:39:24.769768+00:00,4095
2025-02-02 01:40:24.781301+00:00,4095
2025-02-02 01:41:24.793747+00:00,4095
2025-02-02 01:42:24.806920+00:00,4095
2025-02-02 01:43:24.823043+00:00,4095
2025-02-02 01:44:24.840496+00:00,4095
2025-02-02 01:45:24.856896+00:00,4095
2025-02-02 01:46:24.872026+00:00,4095
2025-02-02 01:47:24.890333+00:00,4095
2025-02-02 01:48:24.904372+00:00,4095
2025-02-02 01:49:24.919669+00:00,4095
2025-02-02 01:50:24.936408+00:00,4095
2025-02-02 01:51:24.952785+00:00,4095
2025-02-02 01:52:24.978953+00:00,4095
2025-02-02 01:53:24.991080+00:00,4095
2025-02-02 01:54:25.006574+00:00,4095
2025-02-02 01:55:25.017695+00:00,4095
2025-02-02 01:56:25.038747+00:00,4095
2025-02-02 01:57:25.049978+00:00,4095
2025-02-02 01:58:25.064651+00:00,4095
2025-02-02 01:59:25.069526+00:00,4095
2025-02-02 02:00:25.079002+00:00,4095
2025-02-02 02:01:25.087044+00:00,4095
2025-02-02 02:02:25.102966+00:00,4095
2025-02-02 02:03:25.113078+00:00,4095
2025-02-02 02:04:25.135227+00:00,4095
2025-02-02 02:05:25.211563+00:00,4095
2025-02-02 02:06:25.174456+00:00,4095
2025-02-02 02:07:25.195039+00:00,4095
2025-02-02 02:08:25.206320+00:00,4095
2025-02-02 02:09:25.224477+00:00,4095
2025-02-02 02:10:25.236057+00:00,4095
2025-02-02 02:11:25.250303+00:00,4095
2025-02-02 02:12:25.263263+00:00,2000
2025-02-02 02:13:25.277569+00:00,2000
2025-02-02 02:14:25.287806+00:00,2000
2025-02-02 02:15:25.301425+00:00,2000
2025-02-02 02:16:25.315106+00:00,2000
2025-02-02 02:17:25.287473+00:00,2000
2025-02-02 02:18:25.289157+00:00,2000
2025-02-02 02:19:25.300015+00:00,2000
2025-02-02 02:20:25.311068+00:00,2000
2025-02-02 02:21:25.318409+00:00,2000
2025-02-02 02:22:25.328876+00:00,2000
2025-02-02 02:23:25.336339+00:00,2000
2025-02-02 02:24:25.348812+00:00,2000
2025-02-02 02:25:25.354633+00:00,2000
2025-02-02 02:26:25.365552+00:00,2000
2025-02-02 02:27:25.383641+00:00,2000
2025-02-02 02:28:25.394586+00:00,2000
2025-02-02 02:29:25.405223+00:00,2000
2025-02-02 02:30:25.419501+00:00,2000
2025-02-02 02:31:25.431636+00:00,2000
2025-02-02 02:32:25.441075+00:00,2000
2025-02-02 02:33:25.457855+00:00,2000
2025-02-02 02:34:25.479601+00:00,2000
2025-02-02 02:35:25.496224+00:00,2000
2025-02-02 02:36:25.511055+00:00,2000
2025-02-02 02:37:25.526921+00:00,2000
2025-02-02 02:38:25.539415+00:00,2000
2025-02-02 02:39:25.544966+00:00,2000
2025-02-02 02:40:25.556314+00:00,2000
2025-02-02 02:41:25.566881+00:00,2000
2025-02-02 02:42:25.577412+00:00,2000
2025-02-02 02:43:25.594393+00:00,2000
2025-02-02 02:44:25.613171+00:00,2000
2025-02-02 02:45:25.628685+00:00,2000
2025-02-02 02:46:25.641578+00:00,2000
2025-02-02 02:47:25.651719+00:00,2000
2025-02-02 02:48:25.663660+00:00,2000
2025-02-02 02:49:25.733282+00:00,2000
2025-02-02 02:50:25.740778+00:00,2000
2025-02-02 02:51:25.750916+00:00,2000
2025-02-02 02:52:25.765557+00:00,2000
2025-02-02 02:53:25.775706+00:00,2000
2025-02-02 02:54:25.785144+00:00,2000
2025-02-02 02:55:25.798646+00:00,2000
2025-02-02 02:56:25.810720+00:00,2000
2025-02-02 02:57:25.825889+00:00,2000
2025-02-02 02:58:25.833240+00:00,2000
2025-02-02 02:59:25.847865+00:00,2000
2025-02-02 03:00:25.862699+00:00,2000
2025-02-02 03:01:25.878034+00:00,2000
2025-02-02 03:02:25.889390+00:00,2000
2025-02-02 03:03:25.906198+00:00,2000
2025-02-02 03:04:25.916623+00:00,2000
2025-02-02 03:05:25.931341+00:00,2000
2025-02-02 03:06:25.942736+00:00,2000
2025-02-02 03:07:25.953815+00:00,2000
2025-02-02 03:08:25.962917+00:00,2000
2025-02-02 03:09:25.971581+00:00,2000
2025-02-02 03:10:25.982798+00:00,2000
2025-02-02 03:11:25.995790+00:00,2000
2025-02-02 03:12:26.007268+00:00,4095
2025-02-02 03:13:26.020825+00:00,4095
2025-02-02 03:14:26.030955+00:00,4095
2025-02-02 03:15:26.047640+00:00,4095
2025-02-02 03:16:26.059857+00:00,4095
2025-02-02 03:17:26.069456+00:00,4095
2025-02-02 03:18:26.080902+00:00,4095
2025-02-02 03:19:26.088831+00:00,4095
2025-02-02 03:20:26.101274+00:00,4095
2025-02-02 03:21:26.112090+00:00,4095
2025-02-02 03:22:26.118252+00:00,4095
2025-02-02 03:23:26.131937+00:00,4095
2025-02-02 03:24:26.149331+00:00,4095
2025-02-02 03:25:26.160758+00:00,4095
2025-02-02 03:26:26.176291+00:00,4095
2025-02-02 03:27:26.186983+00:00,4095
2025-02-02 03:28:26.197755+00:00,4095
2025-02-02 03:29:26.213811+00:00,4095
2025-02-02 03:30:26.252047+00:00,4095
2025-02-02 03:31:26.265743+00:00,4095
2025-02-02 03:32:26.276771+00:00,4095
2025-02-02 03:33:26.292718+00:00,4095
2025-02-02 03:34:26.303511+00:00,4095
2025-02-02 03:35:26.317278+00:00,4095
2025-02-02 03:36:26.328175+00:00,4095
2025-02-02 03:37:26.339998+00:00,4095
2025-02-02 03:38:26.351296+00:00,4095
2025-02-02 03:39:26.360374+00:00,4095
2025-02-02 03:40:26.373528+00:00,4095
2025-02-02 03:41:26.385258+00:00,4095
2025-02-02 03:42:26.396790+00:00,4095
2025-02-02 03:43:26.406757+00:00,4095
2025-02-02 03:44:26.416034+00:00,4095
2025-02-02 03:45:26.424635+00:00,4095
